date,n1,n2,n3,n4,n5,s1,s2
13-02-2004,32,16,29,41,36,7,9
20-02-2004,13,50,47,7,39,2,5
27-02-2004,37,19,18,14,31,4,5
05-03-2004,39,37,4,7,33,1,5
12-03-2004,44,47,15,28,24,4,5
19-03-2004,42,45,33,37,36,4,9
26-03-2004,23,43,3,4,10,2,4
02-04-2004,4,24,12,36,27,2,9
09-04-2004,23,19,10,1,4,2,8
16-04-2004,28,40,14,15,35,1,3
23-04-2004,45,21,6,49,10,3,5
30-04-2004,27,16,6,5,23,6,7
07-05-2004,38,36,15,16,21,1,5
14-05-2004,32,3,1,39,21,2,6
21-05-2004,37,39,29,15,49,4,9
28-05-2004,41,44,6,35,11,5,6
04-06-2004,41,42,34,13,9,3,7
11-06-2004,7,2,47,10,8,1,7
18-06-2004,28,2,40,23,43,2,6
25-06-2004,30,21,35,3,34,1,2
02-07-2004,4,28,24,23,34,1,3
09-07-2004,44,19,5,12,2,8,9
16-07-2004,26,50,31,24,38,5,8
23-07-2004,10,27,7,34,31,3,8
30-07-2004,50,10,9,19,37,1,6
06-08-2004,5,35,44,15,24,5,6
13-08-2004,20,27,41,43,50,5,8
20-08-2004,27,10,35,9,6,6,8
27-08-2004,28,1,44,22,11,1,9
03-09-2004,14,12,15,34,8,6,7
10-09-2004,5,38,36,25,33,2,5
17-09-2004,41,39,15,18,29,5,8
24-09-2004,48,21,26,27,44,1,7
01-10-2004,48,20,45,21,12,5,6
08-10-2004,12,10,48,1,16,2,6
15-10-2004,37,21,14,43,22,5,8
22-10-2004,9,25,1,40,23,3,9
29-10-2004,32,1,38,35,8,4,9
05-11-2004,25,42,49,19,6,1,7
12-11-2004,12,13,4,32,11,3,9
19-11-2004,37,29,34,18,1,2,6
26-11-2004,24,1,34,4,36,6,8
03-12-2004,15,42,11,1,49,3,4
10-12-2004,3,13,43,1,16,2,7
17-12-2004,49,22,19,15,46,2,9
24-12-2004,3,27,29,4,37,5,6
31-12-2004,8,7,47,25,24,8,9
07-01-2005,50,27,47,3,23,2,3
14-01-2005,11,14,29,6,19,1,3
21-01-2005,12,14,10,26,24,5,8
28-01-2005,26,21,7,43,45,5,7
04-02-2005,11,1,40,30,8,7,8
11-02-2005,11,13,25,32,50,4,7
18-02-2005,32,46,20,21,26,8,9
25-02-2005,43,3,27,44,30,4,8
04-03-2005,12,32,37,39,24,7,9
11-03-2005,40,12,43,23,8,1,4
18-03-2005,48,39,23,6,43,5,7
25-03-2005,29,33,38,4,37,6,9
01-04-2005,26,44,47,25,41,3,7
08-04-2005,31,50,25,11,7,1,3
15-04-2005,6,31,42,38,28,3,9
22-04-2005,13,10,24,47,3,5,9
29-04-2005,42,35,9,3,39,1,8
06-05-2005,44,21,12,7,26,6,8
13-05-2005,12,40,31,17,32,2,9
20-05-2005,28,6,47,7,13,5,8
27-05-2005,50,48,31,2,24,4,9
03-06-2005,8,11,3,17,50,1,5
10-06-2005,37,32,47,7,6,1,7
17-06-2005,8,4,10,21,18,1,7
24-06-2005,6,15,8,14,45,7,8
01-07-2005,23,28,5,4,25,3,4
08-07-2005,42,46,36,35,49,2,8
15-07-2005,42,23,1,11,12,3,6
22-07-2005,49,14,41,3,48,1,4
29-07-2005,50,3,19,49,26,4,5
05-08-2005,21,11,2,22,30,4,6
12-08-2005,37,23,40,15,30,7,9
19-08-2005,41,29,11,24,31,1,3
26-08-2005,29,35,40,41,9,1,6
02-09-2005,43,3,4,50,14,3,6
09-09-2005,31,12,50,19,8,6,7
16-09-2005,19,38,12,13,21,3,9
23-09-2005,1,31,34,26,47,4,9
30-09-2005,11,50,48,6,47,1,6
07-10-2005,26,44,21,13,2,3,9
14-10-2005,10,19,11,23,20,1,6
21-10-2005,19,14,33,1,29,1,8
28-10-2005,14,50,47,44,36,3,5
04-11-2005,38,42,36,37,26,2,6
11-11-2005,41,16,36,42,15,3,5
18-11-2005,34,17,18,48,25,2,3
25-11-2005,27,39,47,6,1,1,6
02-12-2005,1,30,20,9,23,4,7
09-12-2005,11,42,38,35,18,1,5
16-12-2005,2,18,3,15,32,6,7
23-12-2005,31,42,37,36,15,1,7
30-12-2005,19,45,43,8,16,1,4
06-01-2006,6,26,14,9,2,4,5
13-01-2006,12,19,33,34,8,1,6
20-01-2006,15,12,50,33,44,2,6
27-01-2006,9,21,15,40,49,1,4
03-02-2006,30,39,9,21,50,1,3
10-02-2006,5,38,6,48,50,6,7
17-02-2006,4,23,38,24,26,2,4
24-02-2006,18,19,1,47,11,3,7
03-03-2006,5,44,10,8,3,3,5
10-03-2006,1,33,21,45,49,4,8
17-03-2006,50,44,5,45,32,1,7
24-03-2006,17,47,28,33,35,4,9
31-03-2006,50,3,45,20,31,6,7
07-04-2006,13,12,29,50,44,4,5
14-04-2006,34,35,26,16,49,2,6
21-04-2006,46,1,22,20,37,1,9
28-04-2006,17,5,33,22,10,5,7
05-05-2006,8,50,16,4,14,3,9
12-05-2006,23,5,20,34,50,1,5
19-05-2006,49,34,25,3,5,5,8
26-05-2006,21,41,12,2,49,3,7
02-06-2006,41,7,48,27,8,1,6
09-06-2006,3,34,39,15,12,4,6
16-06-2006,26,36,1,16,30,3,9
23-06-2006,44,30,9,21,43,1,9
30-06-2006,16,6,15,40,43,1,2
07-07-2006,35,9,7,43,18,5,7
14-07-2006,1,31,7,17,36,2,8
21-07-2006,50,4,38,2,9,6,8
28-07-2006,3,43,29,8,12,6,7
04-08-2006,26,15,32,14,1,3,7
11-08-2006,47,31,46,28,27,2,5
18-08-2006,37,40,50,12,39,1,2
25-08-2006,47,10,28,48,40,6,8
01-09-2006,25,50,7,45,3,6,9
08-09-2006,12,10,32,33,1,1,8
15-09-2006,10,49,26,6,16,7,9
22-09-2006,30,45,49,29,10,3,8
29-09-2006,1,3,24,6,18,5,8
06-10-2006,5,35,11,22,38,7,8
13-10-2006,2,32,38,41,25,3,5
20-10-2006,10,34,47,19,45,3,6
27-10-2006,3,50,44,4,8,7,8
03-11-2006,13,11,44,24,49,3,9
10-11-2006,36,30,14,27,21,2,3
17-11-2006,36,12,33,22,32,2,6
24-11-2006,8,5,40,25,17,1,5
01-12-2006,16,37,8,41,4,2,5
08-12-2006,47,36,17,16,18,1,2
15-12-2006,35,37,9,42,23,3,7
22-12-2006,20,11,43,9,38,2,3
29-12-2006,14,9,6,13,35,3,4
05-01-2007,17,45,36,29,19,5,6
12-01-2007,14,8,25,19,11,3,5
19-01-2007,27,5,13,33,42,2,4
26-01-2007,38,11,23,15,30,4,9
02-02-2007,36,14,27,23,30,1,6
09-02-2007,36,16,46,30,14,2,8
16-02-2007,19,39,20,50,8,6,9
23-02-2007,20,2,22,18,15,2,5
02-03-2007,3,16,48,34,38,5,8
09-03-2007,43,25,3,2,48,6,9
16-03-2007,45,4,31,49,14,4,9
23-03-2007,43,17,5,40,13,1,3
30-03-2007,19,9,46,17,41,1,8
06-04-2007,41,48,29,23,15,3,6
13-04-2007,20,41,38,7,25,3,7
20-04-2007,41,26,32,45,23,3,7
27-04-2007,44,18,7,36,27,1,2
04-05-2007,17,41,35,6,45,1,5
11-05-2007,12,26,49,7,29,2,6
18-05-2007,49,37,34,26,39,2,6
25-05-2007,49,26,50,29,25,7,8
01-06-2007,22,41,42,37,6,6,9
08-06-2007,15,17,25,45,1,2,8
15-06-2007,5,14,40,7,21,3,8
22-06-2007,22,17,16,11,34,5,6
29-06-2007,28,8,33,45,12,1,3
06-07-2007,39,41,4,19,5,8,9
13-07-2007,13,9,31,15,48,3,6
20-07-2007,50,26,10,21,25,4,9
27-07-2007,4,29,21,1,41,7,8
03-08-2007,41,33,37,30,10,1,8
10-08-2007,40,43,49,42,23,2,6
17-08-2007,2,13,42,3,38,7,8
24-08-2007,16,3,42,1,48,2,3
31-08-2007,22,37,23,18,6,5,6
07-09-2007,42,3,34,2,33,3,5
14-09-2007,33,29,5,9,11,7,9
21-09-2007,35,37,17,1,32,1,8
28-09-2007,22,34,44,30,35,4,5
05-10-2007,20,27,35,44,11,2,5
12-10-2007,36,47,21,32,46,3,4
19-10-2007,7,18,34,35,40,7,8
26-10-2007,20,7,38,40,43,1,8
02-11-2007,40,16,3,19,18,1,2
09-11-2007,14,25,36,5,22,5,6
16-11-2007,23,18,33,37,9,1,8
23-11-2007,22,2,48,29,10,3,9
30-11-2007,38,20,12,19,30,7,9
07-12-2007,48,43,4,2,32,1,7
14-12-2007,8,30,36,25,44,3,4
21-12-2007,37,7,44,28,9,6,7
28-12-2007,45,31,20,22,21,7,9
04-01-2008,41,24,10,12,25,3,5
11-01-2008,24,36,50,8,49,4,8
18-01-2008,46,40,16,14,23,4,8
25-01-2008,2,19,9,45,6,7,8
01-02-2008,30,49,45,47,22,4,9
08-02-2008,17,38,28,44,30,1,4
15-02-2008,27,45,12,29,46,4,7
22-02-2008,46,50,4,27,32,8,9
29-02-2008,37,47,49,40,12,2,9
07-03-2008,14,17,7,35,2,1,6
14-03-2008,13,48,35,21,25,4,8
21-03-2008,10,2,22,18,36,4,6
28-03-2008,39,9,29,5,17,3,6
04-04-2008,18,37,47,13,11,1,6
11-04-2008,50,30,25,45,6,5,7
18-04-2008,27,6,7,50,3,5,9
25-04-2008,4,30,26,19,27,3,8
02-05-2008,26,48,45,37,2,4,8
09-05-2008,8,9,42,40,45,6,7
16-05-2008,6,38,9,25,15,4,9
23-05-2008,5,38,9,19,21,1,7
30-05-2008,14,20,49,7,5,2,8
06-06-2008,21,40,19,50,7,2,9
13-06-2008,16,37,44,50,13,1,9
20-06-2008,11,8,36,37,45,3,5
27-06-2008,20,44,5,50,26,5,7
04-07-2008,19,22,48,7,27,5,7
11-07-2008,37,19,11,13,9,3,4
18-07-2008,16,14,44,10,29,5,6
25-07-2008,29,7,15,24,11,2,7
01-08-2008,25,40,22,50,1,1,8
08-08-2008,15,5,16,45,4,4,7
15-08-2008,18,11,17,26,31,5,6
22-08-2008,50,27,29,39,7,5,7
29-08-2008,2,20,37,25,39,5,8
05-09-2008,17,12,39,16,7,3,8
12-09-2008,23,33,37,19,50,3,7
19-09-2008,14,16,19,31,20,6,9
26-09-2008,31,29,33,14,37,1,2
03-10-2008,4,38,13,19,23,2,3
10-10-2008,15,31,22,4,41,1,6
17-10-2008,50,12,10,3,42,1,5
24-10-2008,45,7,15,16,17,6,9
31-10-2008,34,25,3,41,18,2,5
07-11-2008,9,1,17,12,18,3,4
14-11-2008,14,26,10,8,21,3,4
21-11-2008,50,49,21,9,14,3,8
28-11-2008,8,25,11,41,16,2,4
05-12-2008,35,8,21,45,4,5,8
12-12-2008,2,19,42,28,49,2,7
19-12-2008,29,50,46,28,40,5,7
26-12-2008,44,26,2,1,50,1,7
02-01-2009,48,30,29,37,36,1,6
09-01-2009,22,7,15,28,48,1,4
16-01-2009,50,22,17,3,49,3,6
23-01-2009,36,49,33,40,32,2,8
30-01-2009,4,34,35,46,29,5,8
06-02-2009,36,30,20,40,10,3,5
13-02-2009,33,36,40,22,42,1,2
20-02-2009,13,48,9,12,14,1,2
27-02-2009,9,44,5,37,45,6,9
06-03-2009,13,35,25,17,19,5,6
13-03-2009,36,42,26,12,24,1,4
20-03-2009,31,12,35,23,16,4,6
27-03-2009,25,42,36,33,38,6,7
03-04-2009,46,24,32,20,2,1,9
10-04-2009,37,14,9,46,16,2,4
17-04-2009,7,4,21,44,47,1,5
24-04-2009,21,4,24,14,41,5,8
01-05-2009,38,47,31,19,5,3,5
08-05-2009,4,29,23,31,24,8,9
15-05-2009,19,8,42,18,20,5,9
22-05-2009,43,4,14,33,13,1,6
29-05-2009,30,47,2,37,5,3,6
05-06-2009,35,19,40,26,11,2,5
12-06-2009,50,14,6,16,34,4,6
19-06-2009,20,17,16,4,29,5,7
26-06-2009,21,6,11,39,30,2,8
03-07-2009,29,47,46,34,21,6,8
10-07-2009,42,20,6,16,46,1,6
17-07-2009,17,50,8,2,32,3,7
24-07-2009,15,47,35,25,14,5,9
31-07-2009,26,9,20,21,5,3,6
07-08-2009,22,10,31,24,20,2,7
14-08-2009,30,5,8,49,24,3,9
21-08-2009,16,42,31,7,4,3,5
28-08-2009,37,41,49,36,8,5,7
04-09-2009,20,39,6,9,38,3,9
11-09-2009,42,15,12,35,43,4,6
18-09-2009,30,16,41,38,6,2,4
25-09-2009,6,21,18,17,34,3,9
02-10-2009,44,29,24,23,22,1,5
09-10-2009,29,11,46,7,50,4,7
16-10-2009,23,30,31,47,12,3,4
23-10-2009,20,6,18,29,31,2,8
30-10-2009,35,9,33,38,40,2,6
06-11-2009,19,43,45,34,11,5,9
13-11-2009,15,25,32,26,13,3,4
20-11-2009,47,9,28,5,43,2,9
27-11-2009,33,15,13,5,8,8,9
04-12-2009,25,30,19,18,44,1,3
11-12-2009,41,43,44,46,20,2,9
18-12-2009,49,30,35,32,14,3,8
25-12-2009,4,17,5,34,14,3,5
01-01-2010,22,24,27,36,9,5,7
08-01-2010,44,5,14,4,46,8,9
15-01-2010,49,50,26,29,11,4,7
22-01-2010,4,44,27,22,36,7,9
29-01-2010,39,43,30,17,9,5,7
05-02-2010,46,38,34,35,39,3,4
12-02-2010,5,45,1,38,18,4,6
19-02-2010,37,12,38,31,43,2,3
26-02-2010,42,11,29,7,18,6,7
05-03-2010,19,18,49,12,43,3,9
12-03-2010,46,1,26,36,33,6,7
19-03-2010,38,28,30,39,10,2,7
26-03-2010,18,37,8,16,43,2,6
02-04-2010,26,18,12,24,45,4,5
09-04-2010,44,23,24,21,7,3,4
16-04-2010,17,11,26,40,9,3,9
23-04-2010,46,3,7,8,43,6,8
30-04-2010,6,36,22,25,24,3,8
07-05-2010,15,21,6,3,32,7,9
14-05-2010,17,31,43,47,1,2,3
21-05-2010,38,19,50,7,30,4,7
28-05-2010,9,31,32,33,4,3,7
04-06-2010,34,42,17,40,4,4,9
11-06-2010,44,2,36,22,24,1,2
18-06-2010,2,29,31,38,32,1,4
25-06-2010,18,1,8,28,31,8,9
02-07-2010,46,41,36,13,12,1,8
09-07-2010,37,9,49,24,39,3,9
16-07-2010,49,46,45,39,38,7,8
23-07-2010,4,13,37,35,46,3,9
30-07-2010,39,11,3,4,28,2,8
06-08-2010,42,28,13,29,25,4,5
13-08-2010,15,9,47,21,4,2,7
20-08-2010,27,31,5,42,40,1,6
27-08-2010,13,6,30,1,49,1,9
03-09-2010,24,49,47,26,13,4,8
10-09-2010,35,41,21,45,17,1,5
17-09-2010,50,27,38,17,29,1,3
24-09-2010,1,16,48,4,40,1,9
01-10-2010,4,27,6,48,1,1,6
08-10-2010,46,35,39,30,9,6,8
15-10-2010,38,31,2,36,43,3,7
22-10-2010,39,5,11,9,4,3,5
29-10-2010,32,22,16,42,20,8,9
05-11-2010,21,23,33,50,40,4,5
12-11-2010,23,47,7,19,29,1,6
19-11-2010,36,12,15,45,32,7,9
26-11-2010,9,41,36,49,28,5,7
03-12-2010,28,32,46,8,19,4,7
10-12-2010,46,2,10,3,33,7,8
17-12-2010,3,35,29,42,20,3,8
24-12-2010,46,19,42,36,38,2,8
31-12-2010,2,24,43,38,34,1,7
07-01-2011,32,22,1,48,50,6,7
14-01-2011,44,2,24,14,39,6,7
21-01-2011,21,11,13,3,18,4,5
28-01-2011,41,24,23,42,13,1,5
04-02-2011,47,35,11,2,24,5,9
11-02-2011,15,14,12,19,23,7,8
18-02-2011,45,3,49,15,2,5,9
25-02-2011,42,45,13,48,12,3,9
04-03-2011,28,41,25,11,27,5,8
11-03-2011,17,24,37,19,46,2,7
18-03-2011,50,13,26,1,20,6,7
25-03-2011,12,21,6,33,27,3,7
01-04-2011,17,33,22,21,4,4,8
08-04-2011,21,47,23,38,50,2,6
15-04-2011,4,41,6,21,39,2,6
22-04-2011,22,45,48,11,36,1,4
29-04-2011,38,40,25,15,41,1,2
06-05-2011,28,16,20,22,11,4,9
10-05-2011,28,3,45,10,15,5,7
13-05-2011,17,47,11,36,9,1,2
17-05-2011,37,20,21,45,46,2,3
20-05-2011,42,25,10,20,14,8,11
24-05-2011,16,23,24,29,26,2,9
27-05-2011,28,9,49,25,17,8,9
31-05-2011,22,9,10,50,1,5,11
03-06-2011,49,40,50,39,4,2,5
07-06-2011,25,38,40,6,36,4,10
10-06-2011,37,20,3,48,19,8,11
14-06-2011,41,19,48,5,12,8,10
17-06-2011,11,22,21,16,44,3,8
21-06-2011,49,50,20,17,35,3,4
24-06-2011,41,20,5,30,16,6,11
28-06-2011,16,15,44,30,50,2,3
01-07-2011,11,23,31,8,46,8,9
05-07-2011,28,47,29,11,49,1,5
08-07-2011,12,13,40,49,23,7,10
12-07-2011,19,17,42,45,38,9,10
15-07-2011,26,6,33,39,34,3,4
19-07-2011,16,3,25,35,26,5,9
22-07-2011,4,50,15,49,23,2,6
26-07-2011,5,1,25,48,22,3,11
29-07-2011,37,38,19,27,12,5,10
02-08-2011,8,33,14,24,5,3,8
05-08-2011,34,32,18,14,13,1,10
09-08-2011,36,24,34,7,23,8,11
12-08-2011,7,20,37,10,27,4,7
16-08-2011,45,18,1,13,17,3,8
19-08-2011,16,6,31,28,14,2,11
23-08-2011,42,50,6,14,4,2,4
26-08-2011,25,45,22,33,12,5,7
30-08-2011,46,8,2,10,19,5,9
02-09-2011,37,12,26,38,44,4,7
06-09-2011,42,35,50,48,47,8,9
09-09-2011,21,5,34,31,28,1,2
13-09-2011,28,32,49,9,30,9,10
16-09-2011,39,2,42,17,8,3,10
20-09-2011,25,38,19,9,36,7,11
23-09-2011,6,33,48,14,34,2,6
27-09-2011,28,18,40,27,35,3,5
30-09-2011,28,15,44,31,5,1,6
04-10-2011,14,16,23,45,38,8,11
07-10-2011,42,34,18,38,26,5,8
11-10-2011,12,16,4,1,48,9,10
14-10-2011,47,23,12,29,32,3,5
18-10-2011,46,18,37,48,23,2,10
21-10-2011,37,19,2,33,46,5,8
25-10-2011,39,28,22,12,27,4,10
28-10-2011,39,16,20,17,50,4,8
01-11-2011,20,45,23,14,46,1,11
04-11-2011,41,50,11,43,14,2,9
08-11-2011,40,15,4,29,1,1,5
11-11-2011,30,18,1,4,23,3,7
15-11-2011,47,17,22,6,45,3,11
18-11-2011,39,44,24,4,12,2,4
22-11-2011,16,40,38,24,18,2,4
25-11-2011,34,14,26,19,28,5,8
29-11-2011,25,50,11,45,41,2,7
02-12-2011,27,40,7,43,30,8,9
06-12-2011,34,21,20,38,19,3,9
09-12-2011,21,12,47,44,29,1,2
13-12-2011,12,37,18,33,7,1,11
16-12-2011,10,2,23,31,5,2,5
20-12-2011,14,48,1,9,12,1,7
23-12-2011,22,7,24,28,21,1,11
27-12-2011,26,21,25,19,44,3,7
30-12-2011,36,44,43,16,50,7,8
03-01-2012,42,30,45,3,49,5,10
06-01-2012,1,6,10,31,12,2,7
10-01-2012,9,4,30,10,40,2,9
13-01-2012,39,13,21,14,27,6,8
17-01-2012,12,44,22,30,31,5,6
20-01-2012,10,28,27,2,22,6,8
24-01-2012,1,20,6,2,36,8,11
27-01-2012,10,19,44,13,39,2,6
31-01-2012,43,34,38,9,45,2,4
03-02-2012,16,20,19,25,28,1,10
07-02-2012,15,3,17,33,28,2,4
10-02-2012,3,14,31,41,8,7,11
14-02-2012,36,14,42,46,27,8,11
17-02-2012,11,4,47,28,38,10,11
21-02-2012,11,24,14,25,29,7,11
24-02-2012,34,3,12,26,7,8,10
28-02-2012,10,48,1,17,33,2,3
02-03-2012,44,5,11,6,30,2,6
06-03-2012,23,47,27,37,24,2,6
09-03-2012,39,36,32,47,3,6,9
13-03-2012,47,1,25,10,43,8,9
16-03-2012,12,4,50,3,23,4,7
20-03-2012,28,30,15,16,46,3,4
23-03-2012,50,15,9,23,31,8,11
27-03-2012,29,36,27,34,24,7,8
30-03-2012,46,17,23,4,36,6,10
03-04-2012,1,8,18,25,30,9,10
06-04-2012,11,35,45,20,30,2,3
10-04-2012,37,27,22,25,36,5,9
13-04-2012,8,39,43,13,26,3,5
17-04-2012,10,28,49,48,33,1,10
20-04-2012,32,41,29,3,6,10,11
24-04-2012,8,24,48,43,9,3,5
27-04-2012,36,43,30,27,20,1,6
01-05-2012,4,15,41,5,19,9,11
04-05-2012,26,41,40,39,3,1,2
08-05-2012,3,34,48,38,21,5,8
11-05-2012,1,17,13,44,38,2,11
15-05-2012,13,2,50,11,26,2,5
18-05-2012,29,50,43,47,13,9,11
22-05-2012,31,32,41,16,37,1,7
25-05-2012,35,12,22,49,46,2,8
29-05-2012,28,17,25,15,8,3,11
01-06-2012,26,2,36,14,4,9,10
05-06-2012,13,49,37,47,34,8,9
08-06-2012,11,22,5,34,40,9,11
12-06-2012,30,26,48,15,8,9,10
15-06-2012,48,38,27,22,10,3,7
19-06-2012,17,20,50,7,35,5,11
22-06-2012,18,14,19,43,49,3,7
26-06-2012,11,22,35,20,1,8,10
29-06-2012,14,17,28,39,29,1,11
03-07-2012,22,7,2,40,27,3,6
06-07-2012,40,42,38,31,32,1,3
10-07-2012,37,1,24,16,3,1,8
13-07-2012,18,46,35,25,8,4,9
17-07-2012,24,2,43,7,46,8,10
20-07-2012,19,23,10,45,49,9,10
24-07-2012,18,25,4,16,44,1,11
27-07-2012,15,48,14,23,21,2,10
31-07-2012,35,39,4,36,29,8,9
03-08-2012,34,35,42,24,46,1,5
07-08-2012,20,50,34,46,27,2,3
10-08-2012,50,21,17,48,11,9,10
14-08-2012,45,16,42,1,38,9,10
17-08-2012,19,25,33,44,28,2,8
21-08-2012,17,5,38,4,48,3,4
24-08-2012,6,5,19,37,12,3,7
28-08-2012,1,26,25,44,18,4,5
31-08-2012,31,28,16,48,33,7,11
04-09-2012,18,39,17,44,11,5,10
07-09-2012,15,35,13,30,42,4,6
11-09-2012,15,6,37,22,44,2,4
14-09-2012,27,10,44,23,3,7,9
18-09-2012,38,7,39,44,6,7,9
21-09-2012,41,4,34,43,19,7,11
25-09-2012,48,25,27,49,7,1,4
28-09-2012,20,26,30,33,23,6,9
02-10-2012,16,42,21,36,4,7,8
05-10-2012,19,16,18,21,9,2,3
09-10-2012,23,8,10,25,2,8,9
12-10-2012,35,7,17,43,6,2,8
16-10-2012,41,10,40,49,32,2,8
19-10-2012,16,40,44,37,29,8,10
23-10-2012,1,35,38,50,28,2,10
26-10-2012,9,5,6,38,27,5,11
30-10-2012,23,44,25,24,31,2,3
02-11-2012,6,10,3,44,11,3,4
06-11-2012,35,25,20,41,7,1,9
09-11-2012,47,28,14,21,22,4,5
13-11-2012,29,11,21,24,16,2,6
16-11-2012,15,19,41,23,10,2,9
20-11-2012,42,28,45,30,49,5,10
23-11-2012,11,20,40,9,1,1,5
27-11-2012,49,44,6,10,23,1,7
30-11-2012,18,23,40,24,10,3,4
04-12-2012,29,5,28,44,10,2,4
07-12-2012,10,18,31,42,16,2,5
11-12-2012,50,4,9,1,43,6,8
14-12-2012,40,29,11,43,10,3,11
18-12-2012,35,14,44,18,20,2,5
21-12-2012,40,5,3,42,22,3,10
25-12-2012,14,20,32,23,18,3,10
28-12-2012,26,49,27,24,17,3,5
01-01-2013,36,49,2,7,8,1,11
04-01-2013,4,10,27,22,41,8,10
08-01-2013,22,26,47,2,20,5,9
11-01-2013,37,22,29,4,41,4,7
15-01-2013,47,42,22,40,38,1,11
18-01-2013,39,26,27,30,4,3,10
22-01-2013,45,10,48,1,44,1,4
25-01-2013,3,10,37,18,31,2,4
29-01-2013,9,16,36,26,39,2,6
01-02-2013,37,5,34,38,21,1,6
05-02-2013,25,6,45,40,31,6,7
08-02-2013,14,44,11,34,9,10,11
12-02-2013,28,25,5,11,16,7,9
15-02-2013,2,4,42,28,22,4,9
19-02-2013,28,30,44,12,15,8,9
22-02-2013,15,37,36,16,28,2,11
26-02-2013,12,13,17,3,30,2,6
01-03-2013,1,11,36,29,42,4,5
05-03-2013,33,31,19,8,39,2,7
08-03-2013,20,42,23,28,3,8,11
12-03-2013,50,4,10,2,22,5,8
15-03-2013,24,14,39,4,21,3,10
19-03-2013,44,32,19,37,35,1,9
22-03-2013,27,32,12,34,49,8,9
26-03-2013,44,30,26,42,4,6,11
29-03-2013,44,30,46,43,13,5,9
02-04-2013,17,12,41,29,25,1,4
05-04-2013,32,1,17,39,11,2,7
09-04-2013,15,44,48,38,35,5,10
12-04-2013,28,45,15,5,10,3,9
16-04-2013,33,50,22,1,11,4,6
19-04-2013,1,46,8,42,48,4,7
23-04-2013,50,4,1,7,10,4,11
26-04-2013,40,38,16,24,11,2,5
30-04-2013,13,50,40,43,36,5,9
03-05-2013,5,49,34,3,40,2,3
07-05-2013,43,27,13,28,42,4,6
10-05-2013,48,35,45,1,32,4,11
14-05-2013,24,7,8,36,27,5,11
17-05-2013,25,24,50,6,20,9,10
21-05-2013,29,19,8,28,7,5,9
24-05-2013,22,17,40,7,27,2,3
28-05-2013,34,38,13,8,26,3,11
31-05-2013,29,43,28,34,27,5,10
04-06-2013,34,33,40,31,37,1,6
07-06-2013,14,26,45,50,7,2,7
11-06-2013,7,9,25,5,41,1,5
14-06-2013,41,25,48,10,47,6,10
18-06-2013,24,33,17,41,44,1,11
21-06-2013,30,11,36,45,10,1,2
25-06-2013,4,13,35,27,5,1,2
28-06-2013,15,1,47,28,35,1,7
02-07-2013,14,13,11,28,30,4,5
05-07-2013,28,4,33,12,15,1,10
09-07-2013,18,16,38,49,31,4,10
12-07-2013,26,42,33,18,32,2,3
16-07-2013,50,34,47,19,23,4,6
19-07-2013,24,35,13,26,16,2,5
23-07-2013,19,14,44,16,15,4,5
26-07-2013,23,38,29,12,49,3,4
30-07-2013,3,14,4,11,43,1,6
02-08-2013,42,36,48,37,21,4,7
06-08-2013,17,47,16,49,31,3,11
09-08-2013,24,4,23,7,9,8,9
13-08-2013,5,20,47,17,50,1,4
16-08-2013,39,20,24,37,27,5,10
20-08-2013,42,11,50,49,5,8,11
23-08-2013,30,37,26,6,1,5,8
27-08-2013,7,40,38,43,30,2,6
30-08-2013,45,25,17,36,2,5,9
03-09-2013,5,18,16,42,9,7,9
06-09-2013,25,11,32,23,37,4,7
10-09-2013,7,28,30,14,11,2,10
13-09-2013,14,27,6,4,33,5,10
17-09-2013,44,17,21,42,13,9,11
20-09-2013,5,11,38,35,45,2,3
24-09-2013,43,20,10,28,26,9,11
27-09-2013,41,15,11,38,43,2,6
01-10-2013,19,44,48,25,23,8,9
04-10-2013,50,35,6,24,20,5,10
08-10-2013,23,24,33,42,26,3,5
11-10-2013,6,17,23,12,43,5,9
15-10-2013,39,18,27,43,47,4,7
18-10-2013,25,36,47,46,5,2,6
22-10-2013,39,33,29,44,41,9,11
25-10-2013,2,31,38,3,10,6,10
29-10-2013,32,9,10,30,37,2,6
01-11-2013,19,33,29,30,7,3,8
05-11-2013,35,38,12,13,6,2,3
08-11-2013,35,20,42,43,28,8,10
12-11-2013,29,48,40,37,14,2,11
15-11-2013,13,42,3,15,29,1,4
19-11-2013,45,14,19,36,15,1,10
22-11-2013,40,26,13,25,50,8,9
26-11-2013,44,27,23,42,19,3,5
29-11-2013,10,23,7,2,43,4,7
03-12-2013,32,6,29,15,13,2,9
06-12-2013,18,31,36,2,1,7,10
10-12-2013,49,50,24,6,35,1,7
13-12-2013,24,22,23,1,31,6,11
17-12-2013,41,6,8,37,27,7,10
20-12-2013,13,22,17,43,12,3,10
24-12-2013,5,31,43,50,19,2,6
27-12-2013,1,22,6,13,28,5,10
31-12-2013,29,45,24,20,13,3,7
03-01-2014,3,44,27,38,31,3,8
07-01-2014,2,45,20,27,33,6,10
10-01-2014,1,27,2,11,29,1,10
14-01-2014,25,18,20,26,37,10,11
17-01-2014,26,19,33,42,32,4,10
21-01-2014,4,42,35,48,12,5,8
24-01-2014,19,41,35,34,5,1,5
28-01-2014,18,23,48,20,42,2,9
31-01-2014,10,15,31,8,16,8,9
04-02-2014,37,1,33,21,38,4,8
07-02-2014,17,19,47,3,46,9,10
11-02-2014,47,25,8,17,41,1,2
14-02-2014,19,39,4,2,6,2,7
18-02-2014,36,37,26,23,49,6,7
21-02-2014,28,13,17,30,32,5,7
25-02-2014,42,21,25,28,35,4,6
28-02-2014,38,44,32,12,43,2,7
04-03-2014,3,22,5,27,44,1,6
07-03-2014,38,10,40,5,41,1,8
11-03-2014,1,4,44,33,23,7,8
14-03-2014,30,24,6,27,25,5,9
18-03-2014,27,36,34,8,39,5,10
21-03-2014,37,7,39,30,42,5,7
25-03-2014,28,50,26,7,20,2,8
28-03-2014,3,43,19,28,4,3,7
01-04-2014,44,38,18,16,26,8,10
04-04-2014,50,45,28,6,10,10,11
08-04-2014,42,11,29,18,49,4,11
11-04-2014,8,33,30,12,19,4,11
15-04-2014,14,50,47,26,3,7,11
18-04-2014,21,47,31,39,24,3,7
22-04-2014,20,46,15,24,13,1,8
25-04-2014,13,49,44,21,24,1,9
29-04-2014,35,26,18,23,44,3,11
02-05-2014,30,42,4,31,38,2,11
06-05-2014,37,5,19,31,24,1,9
09-05-2014,45,28,3,26,21,7,10
13-05-2014,47,34,13,30,4,2,6
16-05-2014,26,23,37,29,40,3,4
20-05-2014,38,5,36,33,47,4,9
23-05-2014,31,3,47,8,34,9,11
27-05-2014,16,13,26,25,7,1,6
30-05-2014,27,41,24,45,5,6,7
03-06-2014,2,39,32,15,44,5,10
06-06-2014,34,40,25,7,49,9,11
10-06-2014,12,18,21,33,32,1,11
13-06-2014,16,22,28,46,18,9,11
17-06-2014,48,13,37,40,11,8,9
20-06-2014,5,38,49,15,25,1,2
24-06-2014,20,1,7,21,48,4,7
27-06-2014,39,34,45,33,31,2,10
01-07-2014,39,25,18,22,27,5,10
04-07-2014,47,18,43,39,4,2,6
08-07-2014,24,18,22,8,27,4,11
11-07-2014,38,35,5,49,22,4,7
15-07-2014,18,27,15,34,20,1,3
18-07-2014,1,41,43,11,29,3,11
22-07-2014,1,43,50,45,24,5,8
25-07-2014,10,24,9,12,43,5,9
29-07-2014,40,23,35,10,43,3,9
01-08-2014,50,44,46,48,24,5,10
05-08-2014,5,21,42,7,19,5,11
08-08-2014,29,21,35,46,43,1,9
12-08-2014,22,19,7,16,33,2,5
15-08-2014,4,21,30,5,23,8,10
19-08-2014,11,34,47,4,7,7,8
22-08-2014,29,17,49,35,4,1,2
26-08-2014,36,48,45,10,22,4,11
29-08-2014,32,38,26,9,2,3,6
02-09-2014,39,45,25,31,5,1,8
05-09-2014,18,50,23,46,1,3,9
09-09-2014,15,35,19,8,24,8,10
12-09-2014,31,9,33,26,13,7,11
16-09-2014,4,30,35,50,29,2,4
19-09-2014,6,34,8,38,48,3,9
23-09-2014,13,35,14,29,12,1,7
26-09-2014,46,35,47,13,27,1,2
30-09-2014,33,13,15,3,42,5,7
03-10-2014,13,23,50,48,4,5,10
07-10-2014,38,30,21,9,28,1,8
10-10-2014,29,42,47,45,6,9,10
14-10-2014,15,23,32,4,5,3,7
17-10-2014,49,13,48,1,40,8,10
21-10-2014,40,33,27,20,21,3,10
24-10-2014,42,20,3,30,9,1,6
28-10-2014,45,17,40,10,15,1,2
31-10-2014,10,41,13,20,33,3,9
04-11-2014,1,13,6,26,17,3,5
07-11-2014,32,13,38,46,25,1,10
11-11-2014,46,14,36,2,21,7,11
14-11-2014,36,32,38,48,17,5,8
18-11-2014,3,2,36,38,17,4,11
21-11-2014,28,32,7,37,4,5,10
25-11-2014,32,7,36,3,25,1,6
28-11-2014,10,23,6,41,15,4,10
02-12-2014,15,25,3,49,44,1,9
05-12-2014,5,8,48,47,37,2,3
09-12-2014,31,1,3,42,46,4,11
12-12-2014,28,2,15,31,37,4,6
16-12-2014,13,7,3,25,12,5,8
19-12-2014,39,44,23,29,31,5,8
23-12-2014,49,25,9,19,8,2,10
26-12-2014,26,45,27,49,17,2,3
30-12-2014,6,18,39,50,44,8,11
02-01-2015,24,25,49,28,22,3,6
06-01-2015,20,38,30,14,49,3,4
09-01-2015,6,32,45,21,24,1,11
13-01-2015,34,31,21,8,17,9,10
16-01-2015,34,32,29,30,46,3,6
20-01-2015,33,47,15,41,44,8,10
23-01-2015,30,45,29,38,6,1,8
27-01-2015,10,33,5,31,40,8,10
30-01-2015,9,24,15,13,19,3,8
03-02-2015,50,44,17,31,33,7,11
06-02-2015,50,30,10,26,39,7,8
10-02-2015,30,45,20,13,17,9,10
13-02-2015,24,12,39,44,42,3,11
17-02-2015,5,2,18,43,30,1,10
20-02-2015,37,46,10,4,14,4,7
24-02-2015,3,28,25,34,50,1,11
27-02-2015,17,25,14,5,47,9,10
03-03-2015,6,21,13,8,11,7,8
06-03-2015,47,30,49,50,23,2,7
10-03-2015,31,30,2,6,23,2,10
13-03-2015,4,5,22,18,23,1,3
17-03-2015,11,23,44,38,26,1,8
20-03-2015,3,14,42,48,37,1,10
24-03-2015,40,10,39,24,26,3,10
27-03-2015,30,39,32,44,2,6,10
31-03-2015,8,28,20,24,49,8,9
03-04-2015,39,37,49,29,27,2,4
07-04-2015,39,25,50,44,18,5,8
10-04-2015,25,43,22,23,30,5,9
14-04-2015,49,34,32,24,35,1,2
17-04-2015,39,2,34,24,30,8,11
21-04-2015,14,42,17,6,45,1,8
24-04-2015,31,5,40,29,19,3,10
28-04-2015,36,24,28,26,45,7,10
01-05-2015,19,26,20,25,3,6,10
05-05-2015,1,17,10,42,20,8,9
08-05-2015,14,19,49,7,47,3,10
12-05-2015,29,30,14,46,40,3,6
15-05-2015,47,42,44,5,35,8,9
19-05-2015,35,37,31,26,30,8,11
22-05-2015,18,44,35,24,45,5,11
26-05-2015,6,24,7,21,5,5,6
29-05-2015,4,20,48,45,3,6,8
02-06-2015,23,7,41,29,37,1,8
05-06-2015,8,7,2,48,45,1,9
09-06-2015,5,34,17,9,32,6,8
12-06-2015,11,10,37,5,8,7,9
16-06-2015,15,10,36,16,37,3,9
19-06-2015,7,14,20,31,42,3,9
23-06-2015,16,38,4,22,49,6,9
26-06-2015,10,19,6,3,24,5,7
30-06-2015,11,28,15,34,37,1,8
03-07-2015,11,18,44,15,12,3,9
07-07-2015,7,41,33,18,6,3,10
10-07-2015,35,8,15,5,41,4,5
14-07-2015,34,18,36,19,6,1,8
17-07-2015,21,48,22,1,43,7,9
21-07-2015,14,29,44,27,20,7,10
24-07-2015,21,46,2,9,35,2,11
28-07-2015,36,23,49,43,32,7,8
31-07-2015,34,21,16,50,40,6,9
04-08-2015,50,15,39,10,45,9,10
07-08-2015,1,5,21,44,39,4,11
11-08-2015,2,16,3,15,8,4,11
14-08-2015,45,4,44,7,39,3,5
18-08-2015,7,10,19,12,11,2,9
21-08-2015,47,4,16,18,43,6,10
25-08-2015,31,33,50,27,42,2,5
28-08-2015,11,34,30,29,31,4,7
01-09-2015,6,27,45,19,21,1,8
04-09-2015,27,8,45,9,50,8,10
08-09-2015,42,14,40,39,16,1,4
11-09-2015,19,50,10,29,18,1,9
15-09-2015,44,8,15,17,49,5,8
18-09-2015,39,34,33,7,29,7,8
22-09-2015,27,14,23,29,26,7,10
25-09-2015,14,37,30,13,23,2,8
29-09-2015,14,49,26,11,29,3,9
02-10-2015,21,35,7,32,18,2,11
06-10-2015,22,32,29,11,20,1,8
09-10-2015,43,42,47,40,1,9,11
13-10-2015,26,15,12,47,29,3,11
16-10-2015,28,43,7,48,29,3,10
20-10-2015,21,19,30,45,17,8,10
23-10-2015,25,7,32,39,30,2,8
27-10-2015,11,20,25,36,12,6,9
30-10-2015,34,13,17,8,21,6,7
03-11-2015,39,27,49,8,46,2,6
06-11-2015,26,40,38,17,3,4,10
10-11-2015,43,39,13,6,18,2,8
13-11-2015,33,10,18,40,17,2,8
17-11-2015,6,37,23,38,7,10,11
20-11-2015,34,49,30,46,4,7,8
24-11-2015,26,14,17,9,16,10,11
27-11-2015,50,16,30,37,29,6,8
01-12-2015,35,15,45,25,2,8,10
04-12-2015,17,27,18,39,8,1,7
08-12-2015,48,29,12,38,17,9,11
11-12-2015,43,5,21,3,40,6,11
15-12-2015,11,27,35,8,23,4,11
18-12-2015,22,6,26,29,48,5,6
22-12-2015,19,41,18,40,20,7,10
25-12-2015,10,27,40,3,25,3,9
29-12-2015,5,36,32,31,20,6,7
01-01-2016,44,37,38,39,4,4,7
05-01-2016,36,10,6,39,31,6,10
08-01-2016,35,33,26,40,5,3,8
12-01-2016,2,10,30,44,1,1,8
15-01-2016,43,38,19,10,46,1,11
19-01-2016,2,30,38,43,46,2,7
22-01-2016,27,10,30,47,12,8,9
26-01-2016,15,40,24,48,38,2,9
29-01-2016,29,32,23,1,5,1,7
02-02-2016,36,21,10,6,9,2,6
05-02-2016,46,32,27,3,41,4,8
09-02-2016,9,6,13,28,37,4,5
12-02-2016,31,49,28,20,3,2,5
16-02-2016,3,22,50,10,37,6,10
19-02-2016,32,13,14,39,30,3,9
23-02-2016,42,32,23,25,37,1,11
26-02-2016,13,50,5,33,15,9,11
01-03-2016,37,7,28,13,4,10,11
04-03-2016,9,23,40,16,14,1,5
08-03-2016,9,14,23,8,1,1,7
11-03-2016,26,43,1,21,40,6,9
15-03-2016,7,10,5,44,34,2,10
18-03-2016,14,49,21,19,24,5,11
22-03-2016,15,49,12,26,42,5,8
25-03-2016,43,36,12,42,19,5,8
29-03-2016,4,25,19,36,1,3,11
01-04-2016,23,25,2,49,16,6,9
05-04-2016,3,19,40,9,5,2,5
08-04-2016,43,8,49,6,26,6,10
12-04-2016,9,1,5,22,38,2,10
15-04-2016,13,32,37,14,48,1,7
19-04-2016,27,14,44,15,11,2,7
22-04-2016,32,43,26,34,17,2,10
26-04-2016,10,42,17,32,31,2,5
29-04-2016,4,25,28,5,43,6,11
03-05-2016,23,34,8,24,38,3,7
06-05-2016,45,48,40,34,32,1,10
10-05-2016,40,2,26,27,49,5,10
13-05-2016,31,28,42,15,7,10,11
17-05-2016,32,27,39,36,15,3,10
20-05-2016,41,9,30,14,45,4,9
24-05-2016,37,17,34,16,23,6,9
27-05-2016,46,27,13,43,25,4,8
31-05-2016,6,30,26,48,12,6,7
03-06-2016,7,31,39,23,33,6,10
07-06-2016,26,49,19,45,35,2,5
10-06-2016,21,35,42,14,43,7,9
14-06-2016,13,50,42,39,34,9,11
17-06-2016,43,1,18,27,7,4,8
21-06-2016,32,35,17,49,5,1,5
24-06-2016,11,19,39,28,27,3,10
28-06-2016,43,37,32,26,49,4,5
01-07-2016,11,50,13,40,2,1,10
05-07-2016,38,29,10,48,1,3,4
08-07-2016,12,18,8,44,33,4,8
12-07-2016,26,3,41,33,7,2,10
15-07-2016,2,11,14,13,21,1,8
19-07-2016,24,37,19,28,36,3,6
22-07-2016,26,45,24,7,37,5,9
26-07-2016,13,49,10,45,3,2,11
29-07-2016,40,26,50,1,21,2,4
02-08-2016,27,46,38,2,8,2,6
05-08-2016,19,16,24,37,35,2,7
09-08-2016,19,43,44,12,45,5,10
12-08-2016,15,50,36,2,28,2,11
16-08-2016,34,37,46,26,2,4,8
19-08-2016,22,6,5,25,34,5,7
23-08-2016,2,31,45,37,23,4,8
26-08-2016,48,9,30,28,1,7,8
30-08-2016,29,42,13,16,35,6,8
02-09-2016,50,40,16,32,8,2,11
06-09-2016,45,12,34,24,30,7,10
09-09-2016,28,4,11,17,15,1,3
13-09-2016,44,16,4,7,35,1,3
16-09-2016,32,5,22,8,14,2,11
20-09-2016,45,41,4,1,10,6,9
23-09-2016,14,39,42,49,16,3,9
27-09-2016,41,6,13,39,9,2,12
30-09-2016,35,44,17,37,43,2,10
04-10-2016,4,38,7,14,34,4,11
07-10-2016,12,30,27,20,2,9,11
11-10-2016,12,37,20,24,5,4,11
14-10-2016,31,34,19,7,13,1,11
18-10-2016,2,25,17,21,27,6,9
21-10-2016,48,9,23,20,44,8,10
25-10-2016,28,15,21,3,20,1,5
28-10-2016,23,43,10,19,16,2,8
01-11-2016,10,20,6,37,29,1,9
04-11-2016,7,11,12,48,44,3,7
08-11-2016,49,47,9,50,5,8,9
11-11-2016,38,49,3,22,23,2,9
15-11-2016,42,7,15,36,48,3,7
18-11-2016,32,27,12,47,3,6,8
22-11-2016,47,10,5,33,34,2,10
25-11-2016,28,23,5,11,17,10,11
29-11-2016,38,27,21,28,26,9,11
02-12-2016,23,32,6,11,31,2,12
06-12-2016,27,1,7,11,45,4,9
09-12-2016,6,40,37,28,12,1,5
13-12-2016,28,50,48,29,14,2,8
16-12-2016,45,10,6,30,41,4,11
20-12-2016,15,27,13,21,17,2,3
23-12-2016,46,39,16,20,4,2,5
27-12-2016,32,22,39,25,3,7,12
30-12-2016,10,22,29,47,8,1,3
03-01-2017,34,27,49,23,19,1,11
06-01-2017,21,14,49,10,18,9,11
10-01-2017,44,29,35,11,2,4,9
13-01-2017,16,7,50,3,26,4,7
17-01-2017,43,4,25,16,47,2,10
20-01-2017,17,10,27,49,31,3,5
24-01-2017,5,1,23,17,7,3,8
27-01-2017,28,45,20,17,48,5,9
31-01-2017,4,17,44,23,3,6,9
03-02-2017,3,4,50,46,15,5,9
07-02-2017,44,38,4,31,10,8,10
10-02-2017,43,26,7,35,21,2,9
14-02-2017,44,40,24,2,10,3,10
17-02-2017,25,19,33,36,48,2,9
21-02-2017,19,41,49,13,45,3,4
24-02-2017,13,2,43,22,4,8,9
28-02-2017,35,31,10,42,20,2,12
03-03-2017,47,2,11,29,30,1,12
07-03-2017,6,37,50,41,48,4,5
10-03-2017,38,49,31,47,36,8,11
14-03-2017,21,5,44,36,3,3,6
17-03-2017,19,29,36,6,10,3,9
21-03-2017,47,23,20,44,1,4,11
24-03-2017,2,21,17,27,34,5,9
28-03-2017,33,13,46,9,31,6,10
31-03-2017,24,26,45,17,28,4,12
04-04-2017,24,33,9,1,34,2,6
07-04-2017,35,10,2,50,19,6,7
11-04-2017,22,5,31,49,21,2,8
14-04-2017,33,20,4,14,23,6,10
18-04-2017,22,17,45,38,31,5,12
21-04-2017,2,13,22,49,16,4,5
25-04-2017,11,9,32,19,43,3,9
28-04-2017,20,25,30,39,14,2,8
02-05-2017,27,25,19,6,23,11,12
05-05-2017,7,43,30,3,35,1,3
09-05-2017,26,22,16,12,8,6,7
12-05-2017,2,28,29,44,20,3,9
16-05-2017,20,8,30,11,15,3,8
19-05-2017,30,12,9,19,11,4,9
23-05-2017,15,8,42,25,27,1,4
26-05-2017,36,5,39,7,26,2,10
30-05-2017,27,48,38,12,7,6,9
02-06-2017,8,42,33,24,10,3,9
06-06-2017,25,40,20,22,37,3,7
09-06-2017,9,39,27,20,43,10,11
13-06-2017,12,3,22,27,49,4,11
16-06-2017,38,42,15,17,41,9,12
20-06-2017,44,43,11,18,26,8,10
23-06-2017,4,31,21,3,38,3,7
27-06-2017,45,17,21,9,28,1,3
30-06-2017,35,50,39,17,47,6,8
04-07-2017,22,25,10,37,49,5,8
07-07-2017,45,37,20,35,11,3,6
11-07-2017,50,26,42,22,14,8,10
14-07-2017,21,14,20,47,11,7,10
18-07-2017,41,27,1,45,25,5,7
21-07-2017,8,1,26,49,9,5,9
25-07-2017,14,44,43,48,12,2,11
28-07-2017,41,9,31,5,29,2,4
01-08-2017,29,24,21,30,14,8,10
04-08-2017,29,30,41,40,36,2,9
08-08-2017,26,15,40,25,41,4,5
11-08-2017,39,48,28,46,18,5,12
15-08-2017,14,30,46,10,35,4,10
18-08-2017,39,42,24,45,2,2,8
22-08-2017,10,12,17,3,27,3,5
25-08-2017,15,7,1,47,5,9,12
29-08-2017,4,12,32,15,38,1,5
01-09-2017,8,7,3,14,49,5,8
05-09-2017,28,18,29,6,9,1,9
08-09-2017,42,47,24,49,9,1,5
12-09-2017,35,17,29,10,27,4,11
15-09-2017,44,49,13,18,37,9,12
19-09-2017,45,21,1,8,30,2,3
22-09-2017,6,31,39,42,11,1,3
26-09-2017,40,29,1,48,41,6,12
29-09-2017,18,32,7,48,19,3,7
03-10-2017,32,6,50,24,48,1,5
06-10-2017,15,1,9,25,19,1,7
10-10-2017,36,4,37,21,34,3,6
13-10-2017,23,37,50,29,45,5,11
17-10-2017,19,26,17,13,36,2,3
20-10-2017,4,27,23,30,17,3,8
24-10-2017,27,9,33,13,11,7,10
27-10-2017,39,23,16,32,3,1,4
31-10-2017,46,12,43,36,1,3,5
03-11-2017,41,5,33,17,12,4,9
07-11-2017,37,19,41,20,7,2,12
10-11-2017,37,36,29,22,13,1,9
14-11-2017,16,40,39,41,14,8,10
17-11-2017,35,36,26,42,20,5,12
21-11-2017,31,28,10,2,14,5,7
24-11-2017,28,24,50,19,30,3,10
28-11-2017,42,1,12,6,18,2,7
01-12-2017,5,46,29,35,24,11,12
05-12-2017,48,11,44,43,36,2,7
08-12-2017,34,32,22,30,4,3,4
12-12-2017,39,20,37,50,44,4,8
15-12-2017,25,42,30,50,31,2,11
19-12-2017,15,38,46,8,30,4,7
22-12-2017,5,30,24,31,43,3,6
26-12-2017,30,4,17,44,43,2,10
29-12-2017,4,48,8,22,23,1,12
02-01-2018,20,10,21,48,28,1,8
05-01-2018,41,38,20,5,2,4,8
09-01-2018,6,49,38,12,15,2,9
12-01-2018,45,30,21,13,23,4,6
16-01-2018,46,34,31,20,23,3,12
19-01-2018,44,3,17,50,8,2,7
23-01-2018,5,23,8,9,24,7,8
26-01-2018,28,15,24,48,6,4,9
30-01-2018,11,15,35,27,21,4,5
02-02-2018,36,39,34,14,48,2,3
06-02-2018,8,28,17,38,34,6,12
09-02-2018,38,22,31,44,36,1,11
13-02-2018,13,44,10,21,17,1,10
16-02-2018,23,32,50,12,10,4,10
20-02-2018,6,25,14,19,29,5,11
23-02-2018,18,17,28,47,10,3,7
27-02-2018,48,31,3,41,50,8,11
02-03-2018,2,7,34,48,45,1,12
06-03-2018,26,44,20,31,15,2,9
09-03-2018,44,9,14,21,32,1,12
13-03-2018,11,9,13,33,49,6,12
16-03-2018,31,4,27,24,17,10,11
20-03-2018,44,39,29,26,37,9,11
23-03-2018,46,5,50,7,11,8,11
27-03-2018,46,40,20,23,17,9,10
30-03-2018,35,47,28,17,12,7,11
03-04-2018,43,3,40,16,8,5,8
06-04-2018,45,47,29,33,1,4,8
10-04-2018,48,14,39,46,27,11,12
13-04-2018,48,50,34,25,5,6,7
17-04-2018,39,15,33,27,50,4,6
20-04-2018,44,39,3,25,16,7,11
24-04-2018,28,44,30,23,20,3,7
27-04-2018,24,40,12,41,46,5,12
01-05-2018,48,42,15,17,6,4,6
04-05-2018,23,6,12,45,39,9,12
08-05-2018,17,35,25,39,44,2,5
11-05-2018,22,34,3,50,49,8,11
15-05-2018,20,16,4,31,39,2,12
18-05-2018,8,31,5,10,13,3,6
22-05-2018,48,11,1,37,41,8,12
25-05-2018,13,16,15,41,28,4,5
29-05-2018,20,43,6,38,11,2,4
01-06-2018,29,17,40,24,18,4,5
05-06-2018,39,46,9,22,15,4,5
08-06-2018,43,46,8,32,19,2,8
12-06-2018,36,38,23,21,7,6,8
15-06-2018,26,23,49,33,38,1,12
19-06-2018,26,7,19,50,42,4,9
22-06-2018,44,39,41,14,25,2,8
26-06-2018,20,34,16,15,50,4,7
29-06-2018,15,21,40,23,48,3,12
03-07-2018,15,29,12,48,1,3,5
06-07-2018,30,8,48,33,38,2,10
10-07-2018,3,33,26,8,45,7,10
13-07-2018,49,14,4,1,21,2,12
17-07-2018,4,50,6,27,48,1,11
20-07-2018,15,2,43,40,46,3,6
24-07-2018,40,23,2,4,39,3,9
27-07-2018,17,23,11,22,41,6,11
31-07-2018,25,34,20,42,45,6,11
03-08-2018,26,38,36,43,7,6,12
07-08-2018,30,29,28,36,16,8,10
10-08-2018,43,44,20,18,36,3,9
14-08-2018,31,1,15,25,18,9,11
17-08-2018,18,24,2,43,15,8,12
21-08-2018,43,16,49,23,42,10,12
24-08-2018,31,36,50,14,3,1,12
28-08-2018,42,46,4,16,32,8,12
31-08-2018,4,42,30,38,31,4,6
04-09-2018,47,5,28,30,14,4,11
07-09-2018,50,31,27,4,23,1,8
11-09-2018,32,18,9,38,46,2,3
14-09-2018,45,40,33,1,3,3,4
18-09-2018,10,32,45,8,3,4,12
21-09-2018,5,7,37,25,21,3,4
25-09-2018,38,6,20,30,15,4,7
28-09-2018,4,8,50,2,27,2,9
02-10-2018,45,29,37,7,17,3,11
05-10-2018,16,8,26,35,24,3,11
09-10-2018,3,45,44,12,36,8,11
12-10-2018,31,4,12,43,9,5,8
16-10-2018,15,28,42,37,40,1,6
19-10-2018,1,3,47,29,48,3,12
23-10-2018,32,2,1,5,21,2,12
26-10-2018,5,31,18,21,35,6,9
30-10-2018,44,27,23,17,43,1,12
02-11-2018,15,37,5,17,44,7,11
06-11-2018,14,36,24,43,40,2,9
09-11-2018,49,17,37,32,14,11,12
13-11-2018,10,7,13,2,42,3,6
16-11-2018,9,10,28,41,13,1,12
20-11-2018,6,48,19,45,39,7,12
23-11-2018,25,30,5,26,8,3,10
27-11-2018,17,16,4,32,18,2,11
30-11-2018,3,10,26,23,12,1,12
04-12-2018,21,19,45,20,42,8,9
07-12-2018,17,11,37,48,26,1,10
11-12-2018,4,13,7,42,23,1,3
14-12-2018,29,12,38,44,42,2,12
18-12-2018,1,18,39,48,9,5,7
21-12-2018,12,2,34,50,15,3,4
25-12-2018,8,4,43,31,5,2,9
28-12-2018,34,16,35,45,13,10,12
01-01-2019,11,25,8,28,1,4,6
04-01-2019,19,7,11,37,27,6,10
08-01-2019,19,32,31,3,22,2,11
11-01-2019,19,48,31,39,1,1,6
15-01-2019,33,22,35,25,29,3,6
18-01-2019,5,16,46,6,30,5,10
22-01-2019,29,49,41,9,23,8,10
25-01-2019,15,16,13,6,1,6,10
29-01-2019,39,14,24,32,26,3,8
01-02-2019,3,41,26,46,21,1,6
05-02-2019,31,43,14,25,37,2,3
08-02-2019,46,12,13,39,11,7,10
12-02-2019,34,36,50,41,6,1,5
15-02-2019,49,38,27,34,15,2,10
19-02-2019,19,8,18,1,39,7,9
22-02-2019,50,33,29,3,27,3,7
26-02-2019,29,47,15,3,35,3,4
01-03-2019,9,19,26,31,6,11,12
05-03-2019,16,10,46,39,6,8,11
08-03-2019,40,17,24,19,18,4,8
12-03-2019,5,13,7,19,31,2,9
15-03-2019,46,24,42,15,3,9,12
19-03-2019,9,6,1,47,34,7,12
22-03-2019,17,43,26,4,30,6,11
26-03-2019,47,43,19,23,12,2,6
29-03-2019,13,23,26,47,32,6,10
02-04-2019,9,26,16,2,36,6,7
05-04-2019,7,45,10,1,29,3,5
09-04-2019,38,41,18,29,21,1,11
12-04-2019,46,28,1,35,36,6,9
16-04-2019,1,49,15,8,44,2,11
19-04-2019,32,49,8,7,41,5,11
23-04-2019,23,44,18,27,42,2,7
26-04-2019,33,35,50,47,14,9,11
30-04-2019,20,26,12,48,5,2,11
03-05-2019,2,20,27,43,9,5,6
07-05-2019,32,20,47,7,26,2,11
10-05-2019,1,45,27,4,48,1,7
14-05-2019,14,25,50,10,17,2,10
17-05-2019,42,16,28,43,45,6,7
21-05-2019,47,32,34,33,39,8,12
24-05-2019,5,30,49,23,16,6,7
28-05-2019,28,7,29,19,20,1,5
31-05-2019,1,26,23,35,24,1,11
04-06-2019,31,32,9,39,41,2,8
07-06-2019,34,16,4,1,20,2,5
11-06-2019,27,46,42,25,39,11,12
14-06-2019,30,1,39,13,31,2,7
18-06-2019,44,40,12,37,24,3,7
21-06-2019,9,8,39,25,5,3,7
25-06-2019,27,34,6,26,46,1,9
28-06-2019,1,33,3,49,16,2,11
02-07-2019,19,44,11,29,45,8,12
05-07-2019,20,2,42,34,9,6,9
09-07-2019,32,7,41,36,29,6,7
12-07-2019,2,31,39,45,47,4,8
16-07-2019,5,13,18,39,3,7,8
19-07-2019,26,17,13,14,28,2,7
23-07-2019,38,19,23,1,14,3,7
26-07-2019,27,2,42,5,37,3,10
30-07-2019,15,27,23,40,20,3,6
02-08-2019,33,44,13,22,50,2,5
06-08-2019,38,12,29,36,13,4,12
09-08-2019,35,41,14,2,42,10,11
13-08-2019,31,13,33,29,40,2,3
16-08-2019,9,42,10,27,37,1,5
20-08-2019,23,24,22,20,37,1,4
23-08-2019,4,17,42,45,35,2,8
27-08-2019,26,8,35,47,43,1,9
30-08-2019,45,49,27,46,25,4,6
03-09-2019,44,11,38,7,39,7,10
06-09-2019,13,22,40,10,48,2,5
10-09-2019,3,30,49,25,22,3,6
13-09-2019,12,1,42,47,27,6,7
17-09-2019,22,45,43,44,37,1,12
20-09-2019,25,50,21,38,8,4,8
24-09-2019,2,48,33,47,42,1,2
27-09-2019,46,43,41,37,24,2,8
01-10-2019,40,18,11,2,46,1,4
04-10-2019,44,41,35,9,6,6,9
08-10-2019,44,15,49,10,7,3,12
11-10-2019,42,45,19,2,14,5,6
15-10-2019,3,34,31,32,28,4,5
18-10-2019,18,22,42,41,8,11,12
22-10-2019,2,5,33,47,32,7,8
25-10-2019,37,50,34,39,40,4,10
29-10-2019,49,42,28,16,18,5,10
01-11-2019,39,2,44,20,48,5,7
05-11-2019,25,14,33,9,48,2,12
08-11-2019,20,8,45,23,17,2,8
12-11-2019,1,25,21,39,23,2,4
15-11-2019,20,13,34,3,32,4,11
19-11-2019,10,15,42,30,8,4,6
22-11-2019,3,48,32,34,21,3,11
26-11-2019,34,3,15,2,19,5,8
29-11-2019,50,42,12,3,7,6,8
03-12-2019,32,31,38,18,48,4,12
06-12-2019,46,1,39,3,27,1,10
10-12-2019,19,47,21,2,10,2,8
13-12-2019,16,9,23,18,32,2,10
17-12-2019,7,1,12,25,49,6,9
20-12-2019,8,24,32,34,30,3,4
24-12-2019,47,14,11,13,3,3,6
27-12-2019,22,26,35,7,1,5,10
31-12-2019,41,31,48,33,26,2,4
03-01-2020,15,5,20,47,36,8,12
07-01-2020,8,37,12,5,43,6,11
10-01-2020,32,44,17,6,46,2,6
14-01-2020,25,39,21,44,29,8,9
17-01-2020,20,8,29,44,19,3,8
21-01-2020,36,10,24,11,46,3,5
24-01-2020,9,6,4,3,24,5,8
28-01-2020,31,27,1,19,38,4,5
31-01-2020,20,23,13,30,18,2,4
04-02-2020,35,21,33,23,47,6,7
07-02-2020,17,15,9,25,40,3,9
11-02-2020,43,26,24,32,46,6,10
14-02-2020,5,35,20,41,49,6,10
18-02-2020,34,32,11,38,47,2,10
21-02-2020,32,23,30,45,7,5,9
25-02-2020,4,42,18,27,1,4,6
28-02-2020,8,11,23,20,22,3,4
03-03-2020,27,44,4,14,45,1,10
06-03-2020,15,43,38,45,46,1,11
10-03-2020,23,43,30,11,37,5,12
13-03-2020,21,3,11,36,27,9,10
17-03-2020,5,7,16,8,20,2,12
20-03-2020,40,9,20,34,3,6,12
24-03-2020,33,12,7,26,30,10,11
27-03-2020,14,41,27,46,11,2,3
31-03-2020,30,12,17,24,36,1,9
03-04-2020,50,16,34,19,46,2,6
07-04-2020,33,14,4,48,5,7,12
10-04-2020,33,17,3,39,10,1,4
14-04-2020,40,34,29,6,35,4,11
17-04-2020,37,32,45,28,16,1,11
21-04-2020,11,10,23,14,28,6,8
24-04-2020,28,5,1,21,19,4,7
28-04-2020,32,28,26,15,23,1,5
01-05-2020,47,20,19,45,38,2,6
05-05-2020,2,27,22,10,41,2,3
08-05-2020,33,38,8,25,32,7,9
12-05-2020,16,9,29,39,37,4,11
15-05-2020,34,23,32,39,11,1,6
19-05-2020,43,32,37,25,5,6,7
22-05-2020,18,22,32,3,27,2,7
26-05-2020,9,4,27,14,21,4,6
29-05-2020,4,11,8,46,19,4,8
02-06-2020,49,22,12,26,10,7,11
05-06-2020,24,11,37,17,5,3,6
09-06-2020,46,36,27,5,15,2,8
12-06-2020,24,39,46,2,45,4,8
16-06-2020,39,9,11,4,17,2,10
19-06-2020,14,5,24,43,19,3,11
23-06-2020,19,46,49,12,2,1,8
26-06-2020,12,26,21,1,10,5,11
30-06-2020,11,42,1,28,6,2,10
03-07-2020,27,4,16,39,37,3,6
07-07-2020,41,33,23,12,16,8,10
10-07-2020,30,38,15,17,23,2,7
14-07-2020,30,22,37,11,47,9,10
17-07-2020,7,27,41,15,43,7,9
21-07-2020,29,15,42,14,24,2,4
24-07-2020,8,28,50,27,9,4,12
28-07-2020,34,17,13,9,15,2,7
31-07-2020,30,46,24,21,49,2,5
04-08-2020,42,2,5,1,15,5,8
07-08-2020,36,20,5,41,21,6,11
11-08-2020,14,13,50,8,42,3,9
14-08-2020,49,10,42,9,19,4,12
18-08-2020,12,34,42,17,6,5,12
21-08-2020,10,35,50,15,44,3,5
25-08-2020,18,37,39,30,7,8,10
28-08-2020,31,16,17,7,12,7,9
01-09-2020,46,8,4,33,10,8,11
04-09-2020,6,29,43,40,22,4,7
08-09-2020,9,35,2,41,31,9,12
11-09-2020,34,38,45,43,42,9,12
15-09-2020,38,25,30,16,20,6,8
18-09-2020,25,45,19,2,10,1,7
22-09-2020,28,39,25,40,16,1,6
25-09-2020,34,45,19,23,37,1,7
29-09-2020,16,14,4,44,41,11,12
02-10-2020,15,45,12,6,40,3,9
06-10-2020,41,36,4,21,47,9,11
09-10-2020,15,11,35,50,41,5,8
13-10-2020,5,41,46,38,14,1,10
16-10-2020,15,40,38,33,50,3,6
20-10-2020,15,5,42,37,6,3,4
23-10-2020,19,23,10,21,15,3,12
27-10-2020,13,15,28,44,32,3,12
30-10-2020,21,16,20,12,28,3,9
03-11-2020,5,7,18,20,30,6,7
06-11-2020,12,37,7,50,40,1,2
10-11-2020,19,3,38,32,29,5,12
13-11-2020,31,17,1,28,5,1,10
17-11-2020,30,25,44,19,16,2,6
20-11-2020,28,50,48,39,29,5,7
24-11-2020,50,33,38,42,25,8,12
27-11-2020,8,14,16,5,2,8,9
01-12-2020,29,49,20,14,47,4,12
04-12-2020,14,38,20,27,34,1,11
08-12-2020,1,46,21,4,24,2,12
11-12-2020,41,13,24,9,6,3,12
15-12-2020,21,9,35,13,29,1,2
18-12-2020,2,21,17,3,13,7,8
22-12-2020,42,10,50,2,16,4,11
25-12-2020,16,21,27,30,32,3,5
29-12-2020,7,40,39,45,32,3,8
01-01-2021,32,16,48,44,28,1,9
05-01-2021,37,42,12,34,38,1,3
08-01-2021,42,23,37,41,18,4,6
12-01-2021,10,34,2,35,18,6,9
15-01-2021,27,10,4,40,38,3,11
19-01-2021,25,35,31,27,43,5,6
22-01-2021,16,47,42,8,44,6,7
26-01-2021,7,37,25,40,5,2,8
29-01-2021,27,36,5,42,1,1,6
02-02-2021,38,18,48,20,35,9,12
05-02-2021,45,12,37,19,44,2,6
09-02-2021,24,5,31,10,37,9,10
12-02-2021,32,7,36,30,23,8,12
16-02-2021,30,25,29,9,5,6,7
19-02-2021,25,48,4,46,12,7,12
23-02-2021,30,9,39,18,45,1,3
26-02-2021,6,12,22,29,33,6,11
02-03-2021,24,49,19,26,2,6,7
05-03-2021,4,46,5,39,48,7,10
09-03-2021,16,21,33,32,1,11,12
12-03-2021,11,4,6,44,9,10,11
16-03-2021,32,25,23,47,35,2,6
19-03-2021,35,44,43,9,3,1,10
23-03-2021,2,26,29,36,49,3,9
26-03-2021,49,12,50,10,37,3,8
30-03-2021,42,24,29,28,27,4,8
02-04-2021,21,47,4,40,34,2,5
06-04-2021,50,21,37,38,2,7,8
09-04-2021,44,8,35,32,2,8,11
13-04-2021,47,16,31,50,20,2,8
16-04-2021,29,11,40,48,6,5,9
20-04-2021,28,46,17,5,41,10,11
23-04-2021,29,19,15,3,14,2,8
27-04-2021,13,49,14,24,35,1,10
30-04-2021,1,28,24,46,16,2,11
04-05-2021,46,13,10,28,3,4,11
07-05-2021,33,38,47,22,14,8,9
11-05-2021,14,46,43,34,25,5,6
14-05-2021,6,38,29,16,18,6,11
18-05-2021,13,39,40,38,5,4,12
21-05-2021,9,13,35,2,15,3,10
25-05-2021,38,21,26,1,30,2,8
28-05-2021,16,40,13,11,34,1,12
01-06-2021,35,10,44,3,26,6,7
04-06-2021,40,20,36,46,7,2,4
08-06-2021,47,26,2,36,11,7,9
11-06-2021,17,33,9,21,39,7,11
15-06-2021,30,31,11,26,21,2,3
18-06-2021,27,20,41,11,30,3,5
22-06-2021,27,24,26,6,41,3,8
25-06-2021,33,29,36,1,30,3,12
29-06-2021,6,12,24,20,48,5,6
02-07-2021,49,29,38,9,14,7,10
06-07-2021,2,42,5,27,21,9,11
09-07-2021,37,19,6,36,49,4,11
13-07-2021,22,11,6,8,5,3,4
16-07-2021,47,5,16,42,49,3,11
20-07-2021,19,48,3,41,12,6,9
23-07-2021,34,50,26,23,24,2,4
27-07-2021,19,21,25,5,9,10,12
30-07-2021,23,10,35,33,37,5,10
03-08-2021,46,23,45,21,17,7,11
06-08-2021,32,21,7,26,14,4,12
10-08-2021,47,9,48,49,37,2,7
13-08-2021,49,44,47,12,6,8,12
17-08-2021,47,12,41,42,31,4,6
20-08-2021,3,19,9,20,23,9,11
24-08-2021,21,36,44,19,50,3,10
27-08-2021,31,46,3,50,2,8,12
31-08-2021,17,5,32,13,43,2,10
03-09-2021,5,13,29,35,7,3,7
07-09-2021,42,7,19,35,43,7,9
10-09-2021,6,7,28,18,1,2,8
14-09-2021,12,38,45,18,35,2,8
17-09-2021,10,7,5,8,34,1,9
21-09-2021,20,25,26,30,38,2,8
24-09-2021,27,12,20,2,41,10,12
28-09-2021,12,7,6,33,39,1,7
01-10-2021,1,19,15,48,26,6,12
05-10-2021,45,14,36,13,11,7,9
08-10-2021,10,42,23,46,1,3,5
12-10-2021,13,45,22,6,49,10,11
15-10-2021,49,21,26,34,31,2,5
19-10-2021,40,4,36,41,20,1,6
22-10-2021,33,12,17,39,22,2,12
26-10-2021,12,44,42,15,20,1,2
29-10-2021,28,10,32,15,49,3,9
02-11-2021,29,43,2,3,17,1,4
05-11-2021,41,25,2,12,30,8,11
09-11-2021,33,25,36,26,17,1,8
12-11-2021,50,15,9,47,2,6,9
16-11-2021,9,32,36,19,21,3,4
19-11-2021,50,26,47,22,38,2,6
23-11-2021,21,17,42,36,46,7,10
26-11-2021,50,20,41,42,1,3,7
30-11-2021,43,19,33,26,20,1,4
03-12-2021,46,21,32,22,29,9,10
07-12-2021,22,31,46,47,38,7,11
10-12-2021,11,21,42,38,33,2,8
14-12-2021,37,19,47,21,48,3,6
17-12-2021,30,1,35,2,15,2,7
21-12-2021,34,38,17,12,21,2,3
24-12-2021,41,2,34,26,28,5,10
28-12-2021,4,29,15,17,6,9,12
31-12-2021,25,7,43,22,49,6,7
04-01-2022,28,41,18,35,36,6,11
07-01-2022,14,2,50,37,44,7,11
11-01-2022,33,23,44,32,4,9,12
14-01-2022,25,6,46,17,31,9,12
18-01-2022,12,30,24,3,19,2,5
21-01-2022,5,35,39,14,36,7,12
25-01-2022,16,6,47,18,39,2,4
28-01-2022,34,10,25,29,45,9,10
01-02-2022,49,36,1,19,38,6,9
04-02-2022,49,38,3,25,43,3,7
08-02-2022,43,34,20,6,37,7,10
11-02-2022,45,13,42,18,38,7,11
15-02-2022,33,20,31,9,44,2,12
18-02-2022,25,41,50,43,38,6,10
22-02-2022,26,32,14,5,9,3,7
25-02-2022,24,10,30,42,13,1,5
01-03-2022,26,24,42,39,8,3,5
04-03-2022,40,20,43,6,42,10,12
08-03-2022,18,12,31,25,21,2,9
11-03-2022,23,22,12,19,48,2,6
15-03-2022,2,26,19,12,1,2,8
18-03-2022,43,1,9,14,17,6,12
22-03-2022,7,29,17,40,21,8,11
25-03-2022,10,29,24,6,27,5,12
29-03-2022,43,33,11,8,42,6,11
01-04-2022,21,45,31,2,7,4,10
05-04-2022,13,1,24,11,49,5,6
08-04-2022,16,38,1,45,15,4,11
12-04-2022,30,47,35,31,21,2,10
15-04-2022,32,48,6,24,30,5,6
19-04-2022,28,46,2,17,12,6,10
22-04-2022,11,6,35,36,21,1,9
26-04-2022,25,4,28,34,45,8,11
29-04-2022,37,36,10,20,11,3,7
03-05-2022,26,48,47,8,20,3,8
06-05-2022,3,24,8,18,40,3,11
10-05-2022,28,3,29,25,27,4,9
13-05-2022,11,45,17,48,3,4,8
17-05-2022,49,28,30,5,48,5,11
20-05-2022,32,23,8,22,50,3,9
24-05-2022,27,13,10,36,37,2,10
27-05-2022,15,34,28,48,23,3,5
31-05-2022,42,13,10,49,3,3,9
03-06-2022,29,12,48,28,34,9,11
07-06-2022,17,6,31,25,16,2,6
10-06-2022,37,26,40,17,36,9,12
14-06-2022,7,40,2,27,34,3,11
17-06-2022,21,22,38,19,31,7,11
21-06-2022,23,36,39,6,47,8,10
24-06-2022,50,44,17,10,28,8,12
28-06-2022,35,10,47,42,48,2,11
01-07-2022,46,6,34,24,18,3,12
05-07-2022,7,25,48,45,10,3,6
08-07-2022,28,46,43,35,31,4,7
12-07-2022,50,18,25,24,14,6,11
15-07-2022,38,17,29,9,39,7,10
19-07-2022,41,6,27,40,23,2,12
22-07-2022,32,29,50,18,16,4,11
26-07-2022,3,5,17,27,25,1,9
29-07-2022,38,48,43,23,3,3,8
02-08-2022,28,48,18,40,7,8,11
05-08-2022,29,3,44,33,35,8,10
09-08-2022,47,18,21,19,27,5,11
12-08-2022,14,42,35,17,34,6,10
16-08-2022,10,25,14,39,32,7,8
19-08-2022,9,2,19,38,13,2,6
23-08-2022,48,39,26,19,31,2,3
26-08-2022,22,23,44,25,38,11,12
30-08-2022,6,10,4,15,19,1,4
02-09-2022,7,45,12,20,13,3,12
06-09-2022,10,44,7,29,22,4,5
09-09-2022,26,17,23,24,27,4,9
13-09-2022,40,9,12,15,47,1,11
16-09-2022,49,10,45,36,27,3,4
20-09-2022,21,11,32,48,23,3,12
23-09-2022,22,35,48,15,14,3,8
27-09-2022,34,4,44,20,21,1,3
30-09-2022,2,16,11,1,26,3,12
04-10-2022,3,28,18,43,42,3,12
07-10-2022,50,27,45,26,42,1,12
11-10-2022,40,35,8,32,23,1,8
14-10-2022,28,48,29,24,34,3,7
18-10-2022,42,3,5,48,13,1,6
21-10-2022,26,28,38,25,40,1,6
25-10-2022,24,7,46,34,39,1,6
28-10-2022,28,35,21,16,14,1,11
01-11-2022,42,48,19,37,47,1,6
04-11-2022,11,2,37,47,45,2,3
08-11-2022,50,32,33,5,3,1,8
11-11-2022,25,2,19,44,24,2,10
15-11-2022,31,21,13,24,33,1,12
18-11-2022,41,13,35,19,16,1,11
22-11-2022,24,29,42,21,22,3,11
25-11-2022,21,19,39,35,37,2,6
29-11-2022,20,38,35,15,24,8,12
02-12-2022,39,12,35,21,45,6,11
06-12-2022,20,25,27,26,12,8,12
09-12-2022,8,46,31,27,50,1,3
13-12-2022,30,3,12,26,9,10,11
16-12-2022,2,15,44,35,19,2,7
20-12-2022,1,20,11,17,27,4,5
23-12-2022,16,17,26,23,35,5,11
27-12-2022,33,31,19,34,43,3,5
30-12-2022,48,42,17,34,47,1,9
03-01-2023,20,29,21,46,45,3,10
06-01-2023,44,16,35,45,31,4,12
10-01-2023,42,11,34,13,40,3,10
13-01-2023,13,4,33,25,37,5,10
17-01-2023,18,46,30,50,21,2,6
20-01-2023,40,6,13,42,3,7,11
24-01-2023,11,27,47,41,43,7,11
27-01-2023,15,19,31,8,9,10,12
31-01-2023,7,12,33,43,19,3,7
03-02-2023,14,32,45,2,17,3,10
07-02-2023,8,47,34,44,2,3,9
10-02-2023,3,13,36,25,47,3,8
14-02-2023,43,24,46,26,38,2,3
17-02-2023,42,27,45,23,8,1,9
21-02-2023,49,41,22,34,21,2,7
24-02-2023,42,34,7,23,48,1,3
28-02-2023,29,33,12,37,47,5,10
03-03-2023,24,3,8,50,6,10,11
07-03-2023,50,24,35,13,11,6,11
10-03-2023,9,16,48,37,38,2,7
14-03-2023,26,46,28,31,16,11,12
17-03-2023,37,5,26,15,49,8,11
21-03-2023,29,1,9,32,20,2,3
24-03-2023,36,25,5,46,12,6,10
28-03-2023,21,16,34,36,44,9,10
31-03-2023,28,34,47,16,18,5,10
04-04-2023,50,33,16,31,10,3,8
07-04-2023,26,28,46,5,36,6,12
11-04-2023,19,16,14,29,10,2,10
14-04-2023,44,4,37,49,11,6,7
18-04-2023,37,21,17,35,23,10,11
21-04-2023,18,8,7,42,33,2,8
25-04-2023,29,45,40,10,30,1,12
28-04-2023,34,23,11,13,16,1,10
02-05-2023,48,44,32,7,47,7,8
05-05-2023,34,8,49,18,3,3,7
09-05-2023,21,28,13,17,46,7,9
12-05-2023,9,44,13,39,10,4,6
16-05-2023,14,6,9,4,37,4,11
19-05-2023,41,27,34,49,18,3,9
23-05-2023,34,5,14,6,23,2,11
26-05-2023,38,25,15,37,41,1,7
30-05-2023,27,47,33,29,32,2,8
02-06-2023,25,3,15,43,12,10,11
06-06-2023,21,13,39,32,50,2,10
09-06-2023,18,26,36,50,41,11,12
13-06-2023,15,16,21,50,41,5,6
16-06-2023,34,7,41,26,44,9,11
20-06-2023,35,28,11,32,17,5,6
23-06-2023,11,3,33,46,1,10,11
27-06-2023,27,22,44,17,23,1,7
30-06-2023,29,25,6,36,1,7,10
04-07-2023,23,36,44,17,14,2,8
07-07-2023,2,12,19,11,38,4,8
11-07-2023,48,28,2,11,42,4,9
14-07-2023,5,29,48,8,35,5,6
18-07-2023,34,35,12,4,45,1,9
21-07-2023,7,35,33,36,31,7,10
25-07-2023,11,7,27,5,37,6,12
28-07-2023,38,7,34,32,33,6,9
01-08-2023,35,27,25,45,40,7,11
04-08-2023,15,31,48,20,44,1,3
08-08-2023,40,8,33,9,35,3,6
11-08-2023,10,13,34,4,6,3,5
15-08-2023,3,32,5,43,9,6,10
18-08-2023,47,25,23,30,44,9,12
22-08-2023,23,9,40,2,32,6,7
25-08-2023,44,35,16,34,17,5,10
29-08-2023,21,40,23,32,49,8,11
01-09-2023,35,43,37,5,4,5,6
05-09-2023,41,48,7,1,24,10,12
08-09-2023,33,20,10,21,26,3,4
12-09-2023,14,5,42,36,40,2,11
15-09-2023,21,45,12,48,14,8,11
19-09-2023,10,31,41,15,42,2,5
22-09-2023,3,23,35,34,24,5,8
26-09-2023,14,6,23,2,19,5,7
29-09-2023,32,9,11,21,13,2,7
03-10-2023,45,6,22,24,20,4,5
06-10-2023,31,43,21,29,34,2,9
10-10-2023,18,33,20,22,43,3,9
13-10-2023,41,26,21,40,28,2,4
17-10-2023,40,20,10,35,17,3,4
20-10-2023,20,40,28,2,45,1,5
24-10-2023,18,16,8,31,34,6,9
27-10-2023,29,48,33,49,35,3,8
31-10-2023,20,40,5,50,7,2,10
03-11-2023,31,47,21,39,8,5,9
07-11-2023,8,10,11,39,30,4,10
10-11-2023,30,42,10,21,38,2,12
14-11-2023,13,50,36,16,44,3,5
17-11-2023,26,50,24,2,46,2,7
21-11-2023,46,47,29,34,19,2,3
24-11-2023,48,15,29,20,39,1,7
28-11-2023,27,44,12,33,16,7,8
01-12-2023,38,10,4,14,50,9,12
05-12-2023,6,20,4,24,25,5,9
08-12-2023,48,30,50,42,17,4,8
12-12-2023,43,39,28,37,6,9,12
15-12-2023,2,13,37,38,48,5,9
19-12-2023,20,43,41,45,10,2,12
22-12-2023,14,49,34,44,6,4,12
26-12-2023,47,27,8,30,35,9,10
29-12-2023,2,36,19,37,3,6,9
02-01-2024,7,18,49,46,15,10,12
05-01-2024,18,4,39,7,50,3,8
09-01-2024,12,9,2,39,40,1,3
12-01-2024,18,16,17,49,45,9,12
16-01-2024,18,21,33,45,10,8,12
19-01-2024,50,27,28,48,44,7,12
23-01-2024,48,23,14,50,39,3,12
26-01-2024,32,19,41,8,42,9,12
30-01-2024,10,27,5,30,19,5,6
02-02-2024,13,42,27,23,20,5,9
06-02-2024,45,7,2,28,21,5,11
09-02-2024,37,35,45,24,23,9,12
13-02-2024,13,18,46,17,20,4,9
16-02-2024,26,14,13,24,8,1,2
20-02-2024,42,31,37,48,23,3,7
23-02-2024,27,49,30,24,28,1,12
27-02-2024,20,3,4,9,12,5,6
01-03-2024,34,20,4,19,7,2,4
05-03-2024,23,36,2,17,15,3,8
08-03-2024,12,11,8,44,16,4,7
12-03-2024,30,38,19,13,46,4,12
15-03-2024,31,40,34,4,1,4,5
19-03-2024,32,18,7,20,16,1,3
22-03-2024,32,8,44,11,23,9,10
26-03-2024,14,26,29,13,2,5,6
29-03-2024,49,35,36,17,16,1,10
02-04-2024,36,1,48,23,31,5,8
05-04-2024,26,37,35,18,13,8,11
09-04-2024,27,46,19,23,26,2,10
12-04-2024,45,16,12,2,3,2,11
16-04-2024,39,31,46,29,22,3,7
19-04-2024,10,20,46,40,44,1,3
23-04-2024,9,49,11,6,32,2,10
26-04-2024,47,2,39,20,40,4,8
30-04-2024,24,47,13,22,33,1,5
03-05-2024,6,49,9,30,10,3,4
07-05-2024,45,35,42,36,41,6,11
10-05-2024,29,44,13,48,28,4,12
14-05-2024,35,2,8,28,17,7,9
17-05-2024,31,41,46,32,18,1,10
21-05-2024,13,11,48,14,34,7,9
24-05-2024,12,9,22,18,50,1,3
28-05-2024,18,16,35,41,36,6,7
31-05-2024,16,33,4,34,7,7,8
04-06-2024,43,7,6,9,14,3,4
07-06-2024,30,26,15,37,16,5,8
11-06-2024,48,15,7,34,45,7,9
14-06-2024,13,2,16,24,32,1,7
18-06-2024,34,11,36,33,3,1,12
21-06-2024,4,3,11,7,17,3,12
25-06-2024,14,16,49,45,37,5,7
28-06-2024,10,18,35,16,22,1,10
02-07-2024,46,7,2,34,35,6,8
05-07-2024,29,47,31,13,11,1,11
09-07-2024,28,15,19,39,6,7,11
12-07-2024,12,39,24,25,18,8,10
16-07-2024,39,35,2,36,32,7,8
19-07-2024,44,22,35,48,15,6,7
23-07-2024,8,10,16,34,4,4,8
26-07-2024,35,37,23,19,4,4,8
30-07-2024,28,37,9,38,25,2,8
02-08-2024,12,7,33,5,46,3,12
06-08-2024,41,27,50,1,18,2,12
09-08-2024,33,23,25,44,21,4,10
13-08-2024,15,16,40,47,39,1,6
16-08-2024,49,45,15,29,17,1,10
20-08-2024,10,18,13,26,7,3,12
23-08-2024,50,47,24,9,15,8,9
27-08-2024,1,47,42,8,11,4,11
30-08-2024,3,24,42,33,27,4,6
03-09-2024,7,9,11,45,16,2,5
06-09-2024,34,47,14,12,41,3,4
10-09-2024,48,46,6,29,47,2,9
13-09-2024,31,42,10,15,17,4,12
17-09-2024,30,32,20,41,44,1,10
20-09-2024,16,37,34,25,29,3,7
24-09-2024,20,21,49,36,18,3,5
27-09-2024,7,21,38,20,27,5,12
01-10-2024,22,41,8,42,29,9,11
04-10-2024,4,17,8,16,20,1,6
08-10-2024,7,19,34,14,40,6,8
11-10-2024,23,46,32,16,49,4,5
15-10-2024,15,48,2,36,32,3,9
18-10-2024,23,39,4,15,30,1,12
22-10-2024,13,46,3,27,30,1,2
25-10-2024,4,20,45,25,17,8,9
29-10-2024,45,30,19,1,2,10,12
01-11-2024,44,7,50,33,38,2,7
05-11-2024,50,8,37,1,19,6,9
08-11-2024,48,2,35,33,42,1,3
12-11-2024,11,12,50,10,22,1,10
15-11-2024,7,39,8,44,34,2,6
19-11-2024,28,20,49,13,4,7,12
22-11-2024,12,10,29,11,31,8,11
26-11-2024,40,25,31,11,7,9,12
29-11-2024,8,18,43,17,29,5,9
03-12-2024,46,23,34,25,47,6,8
06-12-2024,25,39,47,14,44,6,10
10-12-2024,29,25,5,47,24,5,9
13-12-2024,25,1,42,15,50,4,10
17-12-2024,1,21,4,29,3,2,7
20-12-2024,14,10,50,33,21,6,9
24-12-2024,6,24,16,23,10,11,12
27-12-2024,45,33,12,27,22,4,8
31-12-2024,33,24,19,26,28,8,12
03-01-2025,19,35,37,3,29,1,9
07-01-2025,41,20,35,33,47,4,12
10-01-2025,36,37,27,42,12,6,7
14-01-2025,41,48,29,20,18,5,9
17-01-2025,24,42,15,35,8,6,8
21-01-2025,8,6,14,27,41,4,5
24-01-2025,30,2,19,49,11,3,8
28-01-2025,42,41,37,49,9,1,9
31-01-2025,30,41,49,44,22,2,7
04-02-2025,29,43,3,39,4,5,10
07-02-2025,10,24,45,29,23,8,10
11-02-2025,21,3,46,36,41,1,6
14-02-2025,38,14,36,31,4,3,10
18-02-2025,26,40,5,25,14,5,7
21-02-2025,1,43,3,20,11,2,11
25-02-2025,23,24,44,17,22,6,11
28-02-2025,43,31,46,16,7,5,9
04-03-2025,29,42,15,20,35,2,9
07-03-2025,32,6,48,27,10,3,8
11-03-2025,36,37,42,47,13,7,11
14-03-2025,8,33,49,35,10,2,9
18-03-2025,46,9,35,4,50,8,11
21-03-2025,9,17,18,21,50,5,12
25-03-2025,36,3,18,33,1,2,6
28-03-2025,10,21,30,45,42,1,9
01-04-2025,30,49,46,9,24,4,12
04-04-2025,50,27,39,45,41,5,7
08-04-2025,15,3,48,14,49,1,7
11-04-2025,14,34,46,49,28,3,8
15-04-2025,3,31,38,44,33,6,12
18-04-2025,20,48,39,35,27,3,8
22-04-2025,37,47,33,7,28,9,12
25-04-2025,13,32,39,41,22,1,12
29-04-2025,24,30,41,2,9,1,11
02-05-2025,21,49,5,3,19,1,10
06-05-2025,23,24,47,48,8,4,9
09-05-2025,15,18,25,47,29,5,9
13-05-2025,19,9,44,47,50,2,9
16-05-2025,25,9,37,46,6,6,12
20-05-2025,47,1,29,8,13,5,6
23-05-2025,49,43,29,46,10,7,12
27-05-2025,30,41,38,12,40,4,12
30-05-2025,36,7,14,4,33,1,5
03-06-2025,47,12,15,38,48,5,7
06-06-2025,30,29,21,20,35,2,12
10-06-2025,36,40,45,39,19,5,6
13-06-2025,43,40,45,2,28,3,7
17-06-2025,22,44,49,23,13,3,5
20-06-2025,37,24,47,5,8,3,9
24-06-2025,16,21,39,7,23,7,11
27-06-2025,27,45,19,36,49,7,10
01-07-2025,34,17,1,28,32,7,8
04-07-2025,45,19,48,29,42,5,7
08-07-2025,50,18,9,1,8,1,5
11-07-2025,8,24,45,23,49,2,10
15-07-2025,41,45,24,49,38,1,6
18-07-2025,25,19,42,45,13,2,9
22-07-2025,8,41,33,26,15,9,10
25-07-2025,32,36,23,6,7,11,12
29-07-2025,5,46,44,6,42,4,8
01-08-2025,29,4,25,16,30,2,10
05-08-2025,1,3,5,42,47,5,10
08-08-2025,2,34,19,12,44,6,10
12-08-2025,46,48,28,18,42,3,9
15-08-2025,36,40,35,30,13,2,6
19-08-2025,24,43,41,34,31,6,8
22-08-2025,39,30,9,12,6,4,10
26-08-2025,2,42,38,14,45,10,11
29-08-2025,6,13,37,10,9,1,7
02-09-2025,31,32,36,13,30,1,12
05-09-2025,30,27,41,31,43,5,8
09-09-2025,3,24,13,39,40,2,8
12-09-2025,10,37,31,5,23,3,11
16-09-2025,35,9,13,1,40,5,6
19-09-2025,26,32,42,8,10,9,12
23-09-2025,13,29,33,11,24,2,5
26-09-2025,25,17,4,44,28,5,11
30-09-2025,48,15,8,3,17,2,8
03-10-2025,25,41,6,12,18,2,6
07-10-2025,24,39,48,43,42,5,8
10-10-2025,7,21,20,17,6,1,10
14-10-2025,8,5,18,16,14,3,10
17-10-2025,39,44,35,47,13,3,5
21-10-2025,5,29,40,24,42,6,12
24-10-2025,25,8,45,7,31,7,12
28-10-2025,35,49,24,7,8,2,12
31-10-2025,43,38,5,45,14,7,11
04-11-2025,25,28,45,9,6,1,4
07-11-2025,40,21,43,11,39,2,8
11-11-2025,47,22,32,36,4,2,10
14-11-2025,9,45,26,48,27,8,9
18-11-2025,48,4,2,21,15,6,12
21-11-2025,35,17,48,29,19,5,9
25-11-2025,11,35,44,17,6,3,7
28-11-2025,5,33,42,29,39,3,9
02-12-2025,14,4,41,13,20,6,12
05-12-2025,34,25,15,46,9,8,12
09-12-2025,13,49,2,29,8,2,11
12-12-2025,30,7,25,41,37,5,11
16-12-2025,41,14,16,44,40,2,10
19-12-2025,39,43,44,21,17,1,11
23-12-2025,26,29,44,8,27,11,12
26-12-2025,22,32,48,12,36,3,4
30-12-2025,29,44,26,11,34,1,10
02-01-2026,46,42,27,44,8,1,10
06-01-2026,5,17,18,14,31,10,12
09-01-2026,10,34,26,7,1,2,4
13-01-2026,47,6,44,10,18,2,10
16-01-2026,5,24,17,50,29,5,10
20-01-2026,22,18,19,50,11,1,11
23-01-2026,4,42,5,13,21,3,10
27-01-2026,47,42,23,43,4,3,9
30-01-2026,14,18,31,35,46,7,11
03-02-2026,27,28,37,34,26,4,9
06-02-2026,20,10,24,13,23,6,11
10-02-2026,1,19,42,17,34,5,8
13-02-2026,37,40,13,31,9,6,9
17-02-2026,6,41,1,10,4,5,12
20-02-2026,24,33,28,35,13,5,9
24-02-2026,10,43,47,40,27,6,10
27-02-2026,27,24,39,42,14,6,10
03-03-2026,50,24,6,34,7,5,7
06-03-2026,16,19,15,28,37,6,9
10-03-2026,27,12,50,14,44,4,12
13-03-2026,26,17,48,41,13,4,10
17-03-2026,28,33,41,17,5,3,9
20-03-2026,16,12,5,37,46,8,10
24-03-2026,18,27,16,12,17,1,3
27-03-2026,44,4,43,10,48,2,4
31-03-2026,8,38,10,5,33,2,7
03-04-2026,27,46,8,49,29,2,10
07-04-2026,14,49,11,19,36,6,7
10-04-2026,10,13,41,38,14,6,9
14-04-2026,1,2,4,44,28,5,12
17-04-2026,22,23,47,28,41,6,8
21-04-2026,29,47,16,13,40,3,4
24-04-2026,40,30,45,26,25,1,5
28-04-2026,46,47,29,26,41,8,9
01-05-2026,42,47,46,3,9,1,11
05-05-2026,4,8,3,31,20,6,8
08-05-2026,19,17,37,34,2,8,11
12-05-2026,26,35,32,36,4,5,7
15-05-2026,10,38,43,41,3,2,9
19-05-2026,12,20,45,38,2,2,5
22-05-2026,6,31,37,22,26,5,8
26-05-2026,23,37,6,35,25,6,12
29-05-2026,5,14,35,31,18,2,12
02-06-2026,18,9,17,42,6,7,9
05-06-2026,5,6,16,17,49,2,12
09-06-2026,44,2,23,46,7,3,5
12-06-2026,14,7,22,4,23,1,7
16-06-2026,18,25,37,31,45,4,9
19-06-2026,39,41,42,8,34,2,7
23-06-2026,45,36,33,3,46,5,6
26-06-2026,6,35,16,26,34,11,12
30-06-2026,37,48,44,1,8,2,6
03-07-2026,12,2,25,39,17,1,2
07-07-2026,45,5,33,29,47,5,8
10-07-2026,2,28,14,33,48,8,10
14-07-2026,42,10,19,37,47,9,12
17-07-2026,34,21,40,12,23,9,10
21-07-2026,39,8,28,2,3,2,11
24-07-2026,47,30,10,36,8,1,4
28-07-2026,7,5,49,24,30,10,11
31-07-2026,10,25,31,24,45,4,5
04-08-2026,25,50,34,46,30,1,12
07-08-2026,35,26,29,47,38,1,2
11-08-2026,48,17,11,3,46,1,2
14-08-2026,29,5,39,49,48,4,8
18-08-2026,38,40,50,3,9,6,10
21-08-2026,19,10,14,45,15,4,12
25-08-2026,48,30,16,8,47,4,9
28-08-2026,45,42,7,14,28,6,9
01-09-2026,23,47,37,10,2,3,5
04-09-2026,46,27,12,19,11,4,12
08-09-2026,13,17,33,35,39,7,12
11-09-2026,39,15,7,1,50,1,11
15-09-2026,22,28,10,18,16,6,10
18-09-2026,17,30,8,44,25,2,3
22-09-2026,44,14,16,13,50,10,12
25-09-2026,12,11,38,15,49,10,12
29-09-2026,4,31,12,44,7,8,11
02-10-2026,8,35,7,10,22,2,10
06-10-2026,32,18,48,22,41,8,10
09-10-2026,5,45,24,20,31,5,10
