date,n1,n2,n3,n4,n5,joker
14-09-2000,4,30,32,39,27,7
21-09-2000,9,31,24,41,39,7
28-09-2000,19,1,28,43,38,11
05-10-2000,33,35,18,19,30,18
12-10-2000,26,28,32,35,12,11
19-10-2000,27,7,32,6,38,12
26-10-2000,35,19,29,7,23,14
02-11-2000,12,10,7,24,44,17
09-11-2000,10,1,26,7,18,7
16-11-2000,33,39,45,26,24,5
23-11-2000,35,13,22,37,24,8
30-11-2000,15,44,39,17,33,17
07-12-2000,3,44,13,36,32,7
14-12-2000,2,13,39,15,43,12
21-12-2000,36,35,15,11,33,2
02-01-2001,9,28,36,3,20,6
11-01-2001,9,5,30,40,21,5
18-01-2001,45,31,10,39,25,18
25-01-2001,1,19,10,11,28,11
01-02-2001,25,21,34,20,9,5
08-02-2001,15,37,25,10,33,17
15-02-2001,2,21,16,18,28,11
22-02-2001,19,2,20,28,40,4
01-03-2001,36,11,40,18,24,17
08-03-2001,14,6,32,33,31,7
15-03-2001,11,42,35,5,28,15
22-03-2001,4,21,23,17,41,8
29-03-2001,39,38,35,24,30,18
05-04-2001,45,15,42,14,44,18
12-04-2001,39,5,22,32,29,18
19-04-2001,8,28,17,4,19,16
26-04-2001,17,19,1,14,18,10
03-05-2001,28,40,44,45,6,13
10-05-2001,39,21,41,20,33,1
17-05-2001,2,34,7,42,8,17
24-05-2001,10,15,22,41,32,18
31-05-2001,37,20,14,13,2,18
07-06-2001,37,24,45,30,43,11
14-06-2001,16,1,24,5,45,3
21-06-2001,1,39,17,25,26,15
28-06-2001,44,26,30,11,1,14
05-07-2001,41,24,1,21,2,5
12-07-2001,42,22,5,34,17,17
19-07-2001,9,24,8,22,37,6
26-07-2001,13,26,17,7,41,7
02-08-2001,41,13,42,17,36,7
09-08-2001,26,6,27,5,42,6
16-08-2001,21,4,31,2,37,11
23-08-2001,26,11,31,19,17,14
30-08-2001,33,3,5,25,24,5
06-09-2001,22,7,45,18,32,14
13-09-2001,27,37,9,28,10,11
20-09-2001,14,44,36,20,10,5
27-09-2001,23,1,18,22,32,15
04-10-2001,18,8,35,14,9,3
11-10-2001,34,23,12,20,28,19
18-10-2001,22,23,7,34,27,20
25-10-2001,34,42,35,20,29,13
01-11-2001,14,35,40,28,15,10
08-11-2001,39,37,2,8,38,9
15-11-2001,14,35,24,32,45,16
22-11-2001,35,14,7,23,19,17
29-11-2001,4,19,44,17,36,1
06-12-2001,5,30,42,18,22,7
13-12-2001,35,12,25,33,40,18
20-12-2001,22,44,30,1,32,17
10-01-2002,2,18,10,43,29,5
17-01-2002,19,4,38,29,32,5
24-01-2002,37,8,1,11,10,12
31-01-2002,41,28,30,40,37,4
07-02-2002,4,38,2,8,39,11
14-02-2002,26,6,27,45,30,11
21-02-2002,4,11,32,8,36,2
28-02-2002,3,34,14,20,41,16
07-03-2002,40,24,12,38,27,20
14-03-2002,20,14,15,34,40,13
21-03-2002,29,32,22,33,42,19
28-03-2002,41,26,17,24,6,20
04-04-2002,40,12,26,28,11,11
11-04-2002,22,28,1,10,17,9
18-04-2002,6,3,7,4,18,15
25-04-2002,40,16,36,22,44,10
02-05-2002,36,37,32,25,24,18
09-05-2002,9,4,42,22,44,11
16-05-2002,23,10,12,36,25,11
23-05-2002,4,32,33,13,23,3
30-05-2002,40,8,25,10,18,5
06-06-2002,29,18,31,43,36,12
13-06-2002,4,44,35,18,24,7
20-06-2002,23,5,19,34,36,12
27-06-2002,8,35,16,21,18,14
04-07-2002,7,25,19,42,4,5
11-07-2002,36,10,20,30,24,5
18-07-2002,9,31,34,33,26,17
25-07-2002,36,22,37,17,39,11
01-08-2002,39,32,3,18,23,8
08-08-2002,44,4,24,8,37,1
15-08-2002,37,31,26,42,27,18
22-08-2002,30,21,26,42,40,20
29-08-2002,10,15,42,41,24,10
05-09-2002,19,29,7,9,20,9
12-09-2002,10,44,37,19,22,17
19-09-2002,45,29,28,38,22,6
26-09-2002,8,13,7,42,45,2
03-10-2002,35,41,43,7,28,6
10-10-2002,45,24,37,5,34,18
17-10-2002,37,14,6,26,22,8
24-10-2002,34,17,12,33,25,11
31-10-2002,27,37,14,45,23,8
07-11-2002,17,42,33,18,39,13
14-11-2002,16,29,26,31,30,8
21-11-2002,30,44,8,26,24,15
28-11-2002,27,30,21,3,19,2
05-12-2002,32,37,16,9,18,19
12-12-2002,29,25,17,9,43,15
19-12-2002,29,1,23,2,19,4
27-12-2002,34,11,10,25,26,13
09-01-2003,28,10,31,22,38,16
16-01-2003,37,32,43,38,40,3
23-01-2003,20,8,2,36,33,4
30-01-2003,16,21,42,7,4,15
06-02-2003,13,37,14,26,43,18
13-02-2003,42,36,15,12,38,14
20-02-2003,30,10,32,42,25,2
27-02-2003,43,28,15,2,41,11
06-03-2003,16,4,17,42,9,17
13-03-2003,20,30,33,24,43,1
20-03-2003,37,18,6,31,34,10
27-03-2003,45,2,23,39,14,10
03-04-2003,8,37,7,40,20,4
10-04-2003,34,20,11,3,45,14
17-04-2003,13,27,7,17,33,18
24-04-2003,2,4,10,29,15,6
01-05-2003,18,22,37,2,35,19
08-05-2003,13,7,23,9,37,17
15-05-2003,19,25,26,43,6,16
22-05-2003,45,41,8,10,9,16
29-05-2003,43,26,22,42,6,3
05-06-2003,21,11,8,41,7,10
12-06-2003,17,29,2,37,3,2
19-06-2003,16,27,42,19,6,5
26-06-2003,40,27,41,18,2,14
03-07-2003,24,14,20,10,16,15
10-07-2003,6,11,1,35,2,6
17-07-2003,33,15,13,24,19,9
24-07-2003,32,40,24,23,29,20
31-07-2003,33,9,40,14,37,6
07-08-2003,11,29,40,37,27,18
14-08-2003,13,19,44,30,43,10
21-08-2003,23,21,34,2,13,6
28-08-2003,37,3,6,43,4,2
04-09-2003,44,41,33,30,3,17
11-09-2003,9,45,41,2,7,20
18-09-2003,11,1,39,35,34,7
25-09-2003,45,9,24,38,15,18
02-10-2003,25,43,30,20,33,19
09-10-2003,35,26,28,27,5,18
16-10-2003,32,41,20,13,18,13
23-10-2003,21,43,8,45,32,9
30-10-2003,5,45,26,19,24,2
06-11-2003,23,27,21,18,14,16
13-11-2003,15,34,17,23,16,9
20-11-2003,17,32,31,16,44,16
27-11-2003,14,19,34,33,18,16
04-12-2003,43,32,8,1,40,20
11-12-2003,9,16,21,20,37,15
18-12-2003,4,1,16,8,3,20
24-12-2003,1,19,42,18,38,18
08-01-2004,15,29,31,30,18,3
15-01-2004,6,23,27,16,8,18
22-01-2004,16,39,17,10,41,8
29-01-2004,42,31,18,28,14,14
05-02-2004,1,32,37,6,41,13
12-02-2004,1,18,26,24,15,3
19-02-2004,44,24,39,8,35,18
26-02-2004,4,28,10,22,31,12
04-03-2004,9,32,4,44,21,11
11-03-2004,27,4,9,22,3,17
18-03-2004,8,21,23,36,40,13
25-03-2004,16,29,37,26,43,16
01-04-2004,44,36,20,11,22,19
08-04-2004,34,3,12,21,7,16
15-04-2004,9,15,30,24,3,4
22-04-2004,8,40,32,24,44,20
29-04-2004,26,20,9,31,11,20
06-05-2004,42,43,25,20,24,15
13-05-2004,11,17,16,36,29,20
20-05-2004,26,28,20,37,1,5
27-05-2004,42,24,23,28,37,7
03-06-2004,38,11,15,20,16,9
10-06-2004,38,15,1,4,32,7
17-06-2004,31,20,23,2,45,12
24-06-2004,16,36,25,30,42,16
01-07-2004,27,18,26,29,36,6
08-07-2004,30,29,31,5,3,3
15-07-2004,12,5,25,13,40,16
22-07-2004,33,44,12,1,17,16
29-07-2004,11,42,25,31,41,9
05-08-2004,30,26,41,21,34,3
12-08-2004,16,19,15,24,2,1
19-08-2004,7,17,36,35,42,7
26-08-2004,37,40,41,25,34,14
02-09-2004,6,2,21,11,44,6
09-09-2004,34,20,38,13,26,8
16-09-2004,17,34,35,19,41,4
23-09-2004,21,5,14,30,29,17
30-09-2004,42,18,16,6,24,1
07-10-2004,35,43,37,28,10,7
14-10-2004,9,28,10,18,8,2
21-10-2004,45,41,43,32,20,6
28-10-2004,10,35,43,45,5,14
04-11-2004,18,9,31,27,5,3
11-11-2004,14,5,18,10,43,8
18-11-2004,9,5,25,19,11,13
25-11-2004,40,28,45,2,9,18
02-12-2004,23,11,33,44,27,11
09-12-2004,16,26,5,4,39,15
16-12-2004,41,1,33,8,9,18
23-12-2004,4,18,24,1,30,6
06-01-2005,41,22,12,9,21,5
13-01-2005,15,13,34,11,44,7
20-01-2005,5,7,32,10,25,12
27-01-2005,43,8,23,26,30,15
03-02-2005,20,8,45,14,7,6
10-02-2005,32,13,33,28,2,16
17-02-2005,42,18,4,43,32,19
24-02-2005,3,36,35,16,27,9
03-03-2005,4,30,13,39,36,8
10-03-2005,32,22,43,5,20,6
17-03-2005,7,25,2,22,42,2
24-03-2005,36,21,5,20,13,18
31-03-2005,12,2,13,29,19,3
07-04-2005,32,35,2,19,33,2
14-04-2005,19,14,36,13,9,8
21-04-2005,35,19,28,24,26,11
28-04-2005,26,6,32,41,45,7
05-05-2005,44,19,5,8,6,19
12-05-2005,40,38,43,32,36,7
19-05-2005,23,10,29,22,17,19
26-05-2005,40,45,31,43,27,17
02-06-2005,12,2,40,18,27,18
09-06-2005,16,19,37,36,10,4
16-06-2005,1,37,4,36,18,9
23-06-2005,9,41,8,37,21,3
30-06-2005,13,24,10,37,42,15
07-07-2005,29,14,21,36,16,14
14-07-2005,12,3,27,9,14,3
21-07-2005,45,1,2,32,12,2
28-07-2005,38,20,22,12,37,1
04-08-2005,18,10,44,15,14,1
11-08-2005,3,19,15,24,45,7
18-08-2005,32,13,28,6,27,17
25-08-2005,12,43,27,1,31,2
01-09-2005,18,44,42,4,26,10
08-09-2005,19,35,34,11,17,5
15-09-2005,15,32,30,2,33,16
22-09-2005,1,27,30,9,26,5
29-09-2005,12,20,29,17,43,11
06-10-2005,23,25,20,24,32,2
13-10-2005,20,14,31,37,45,8
20-10-2005,27,36,30,26,39,17
27-10-2005,30,16,45,43,32,3
03-11-2005,18,24,5,4,31,6
10-11-2005,43,33,28,10,35,7
17-11-2005,8,11,22,1,44,11
24-11-2005,44,39,34,40,37,12
01-12-2005,36,4,3,26,1,18
08-12-2005,41,44,22,6,31,13
15-12-2005,23,14,38,17,15,12
22-12-2005,37,39,3,30,38,9
29-12-2005,33,41,35,22,19,13
05-01-2006,3,19,5,41,32,3
12-01-2006,40,39,18,29,14,19
19-01-2006,45,30,26,41,11,6
26-01-2006,36,40,3,27,15,20
02-02-2006,27,26,8,43,37,4
09-02-2006,17,43,32,10,31,16
16-02-2006,13,23,44,21,14,2
23-02-2006,2,44,5,27,29,20
02-03-2006,19,37,9,29,13,1
09-03-2006,26,35,21,10,3,17
16-03-2006,17,30,33,25,9,1
23-03-2006,44,31,32,13,19,6
30-03-2006,33,41,4,1,15,10
06-04-2006,21,19,22,32,3,1
13-04-2006,6,9,25,37,22,2
20-04-2006,37,31,28,3,15,3
27-04-2006,34,30,1,19,35,2
04-05-2006,9,38,23,1,2,2
11-05-2006,2,9,7,30,15,10
18-05-2006,21,29,39,45,7,20
25-05-2006,28,41,15,27,44,8
01-06-2006,28,35,23,37,27,3
08-06-2006,12,20,13,33,38,11
15-06-2006,24,29,38,12,3,9
22-06-2006,2,27,5,1,19,11
29-06-2006,42,6,28,3,45,9
06-07-2006,13,27,14,31,35,12
13-07-2006,23,11,37,17,2,12
20-07-2006,37,40,26,44,13,11
27-07-2006,19,34,29,32,30,12
03-08-2006,23,30,40,16,5,13
10-08-2006,32,27,4,5,39,10
17-08-2006,14,35,10,22,17,6
24-08-2006,40,7,36,2,27,3
31-08-2006,41,31,18,19,8,16
07-09-2006,9,44,26,2,12,10
14-09-2006,40,27,7,2,6,8
21-09-2006,44,41,25,13,35,1
28-09-2006,29,34,22,28,41,9
05-10-2006,41,7,8,3,43,20
12-10-2006,43,16,7,39,4,5
19-10-2006,19,17,33,15,16,5
26-10-2006,35,18,12,10,21,1
02-11-2006,10,1,29,27,45,3
09-11-2006,33,30,7,31,28,10
16-11-2006,8,1,31,17,27,16
23-11-2006,39,36,37,8,42,20
30-11-2006,42,39,25,10,28,10
07-12-2006,23,34,20,21,29,10
14-12-2006,2,3,38,29,44,18
21-12-2006,8,11,37,40,42,13
28-12-2006,40,36,16,5,29,19
04-01-2007,3,43,41,2,39,13
11-01-2007,45,31,19,4,25,7
18-01-2007,31,42,7,39,23,4
25-01-2007,18,21,36,44,40,1
01-02-2007,13,11,36,31,6,9
08-02-2007,37,33,42,21,31,14
15-02-2007,3,32,19,12,24,19
22-02-2007,40,6,41,43,2,19
01-03-2007,28,16,7,33,2,20
08-03-2007,29,8,18,44,11,8
15-03-2007,24,9,12,22,34,6
22-03-2007,31,10,4,41,34,17
29-03-2007,31,4,28,14,34,20
05-04-2007,7,5,20,6,24,7
12-04-2007,37,13,31,38,32,9
19-04-2007,24,45,22,8,41,6
26-04-2007,4,14,35,17,12,11
03-05-2007,27,19,7,17,22,15
10-05-2007,8,44,18,10,22,1
17-05-2007,41,9,20,29,5,14
24-05-2007,35,11,27,40,45,18
31-05-2007,24,2,43,10,19,14
07-06-2007,18,42,2,5,10,17
14-06-2007,25,7,28,41,19,14
21-06-2007,29,2,19,6,42,8
28-06-2007,21,40,18,12,5,8
05-07-2007,10,17,14,20,28,18
12-07-2007,35,13,5,39,36,10
19-07-2007,8,23,42,22,37,3
26-07-2007,17,5,25,1,22,17
02-08-2007,36,12,3,28,5,8
09-08-2007,35,1,32,19,23,12
16-08-2007,44,31,34,45,37,7
23-08-2007,20,42,41,44,3,10
30-08-2007,13,44,34,22,20,20
06-09-2007,29,33,6,38,43,15
13-09-2007,29,25,40,5,26,3
20-09-2007,11,45,31,3,32,3
27-09-2007,3,20,19,13,39,17
04-10-2007,1,12,2,45,11,17
11-10-2007,17,11,44,25,13,3
18-10-2007,18,41,8,29,6,7
25-10-2007,23,12,40,35,38,11
01-11-2007,1,19,41,20,17,10
08-11-2007,30,41,6,10,8,12
15-11-2007,34,40,5,39,33,3
22-11-2007,25,26,40,21,11,14
29-11-2007,25,23,36,39,16,18
06-12-2007,33,6,38,34,19,3
13-12-2007,30,21,27,20,39,6
20-12-2007,35,15,16,29,43,15
03-01-2008,23,17,3,7,19,14
10-01-2008,33,1,32,30,16,19
17-01-2008,35,24,40,13,14,5
24-01-2008,21,15,40,5,44,12
31-01-2008,2,12,40,41,28,6
07-02-2008,7,30,23,22,42,14
14-02-2008,44,39,6,1,22,19
21-02-2008,27,22,41,32,2,10
28-02-2008,13,31,43,27,2,19
06-03-2008,16,7,29,12,22,11
13-03-2008,18,10,6,1,34,20
20-03-2008,43,14,22,17,15,12
27-03-2008,38,19,30,6,1,14
03-04-2008,13,28,2,20,24,7
10-04-2008,42,3,4,36,31,10
17-04-2008,23,26,32,10,9,5
24-04-2008,17,19,18,13,4,7
01-05-2008,3,39,18,8,26,11
08-05-2008,30,15,9,21,37,10
15-05-2008,22,25,11,23,16,15
22-05-2008,42,12,29,34,11,13
29-05-2008,3,38,35,23,10,19
05-06-2008,41,37,26,29,2,20
12-06-2008,14,39,27,44,2,15
19-06-2008,15,25,2,18,43,6
26-06-2008,5,12,27,11,19,9
03-07-2008,38,10,18,17,40,6
10-07-2008,6,38,17,13,37,5
17-07-2008,5,17,26,22,33,1
24-07-2008,37,28,11,1,6,9
31-07-2008,20,40,14,8,35,5
07-08-2008,13,34,43,11,24,5
14-08-2008,24,15,35,45,21,17
21-08-2008,31,27,37,9,7,16
28-08-2008,41,14,43,34,17,15
04-09-2008,7,15,40,19,29,1
11-09-2008,45,1,41,6,15,16
18-09-2008,7,34,15,17,5,3
25-09-2008,23,19,16,32,3,9
02-10-2008,17,5,8,25,26,13
09-10-2008,22,40,29,16,9,6
16-10-2008,17,28,44,25,40,8
23-10-2008,8,36,7,31,38,19
30-10-2008,35,28,39,45,2,1
06-11-2008,30,33,18,35,20,7
13-11-2008,41,15,25,36,10,3
20-11-2008,18,45,23,27,39,20
27-11-2008,20,27,18,19,39,17
04-12-2008,41,16,12,18,3,3
11-12-2008,29,35,40,21,42,3
18-12-2008,19,17,30,22,28,12
24-12-2008,35,33,45,41,38,4
08-01-2009,44,30,14,13,25,10
15-01-2009,3,7,27,28,23,17
22-01-2009,10,33,1,7,17,2
29-01-2009,12,15,44,13,29,5
05-02-2009,11,10,39,8,38,4
12-02-2009,20,33,41,31,40,13
19-02-2009,16,11,7,32,18,5
26-02-2009,3,2,5,38,29,3
05-03-2009,45,24,43,40,33,12
12-03-2009,39,34,16,22,15,10
19-03-2009,9,5,15,43,25,10
26-03-2009,35,3,40,43,2,17
02-04-2009,23,38,15,2,4,16
09-04-2009,42,45,27,4,36,11
16-04-2009,7,19,30,37,6,20
23-04-2009,22,37,25,14,30,17
30-04-2009,27,22,45,24,9,20
07-05-2009,11,43,40,33,6,9
14-05-2009,36,22,39,7,3,10
21-05-2009,42,14,3,20,27,1
28-05-2009,26,12,17,1,24,5
04-06-2009,5,2,35,27,22,14
11-06-2009,37,30,4,6,27,15
18-06-2009,45,8,12,25,5,5
25-06-2009,9,32,33,37,21,19
02-07-2009,5,3,6,30,44,19
09-07-2009,21,39,13,24,5,18
16-07-2009,16,7,30,17,42,19
23-07-2009,16,45,4,38,44,13
30-07-2009,1,5,13,4,11,16
06-08-2009,7,11,6,2,25,5
13-08-2009,6,9,34,36,22,14
20-08-2009,29,27,36,42,8,7
27-08-2009,13,1,6,40,25,17
03-09-2009,35,38,4,9,8,10
10-09-2009,4,21,6,29,33,10
17-09-2009,42,17,44,10,24,15
24-09-2009,34,33,29,11,44,13
01-10-2009,40,30,14,26,15,17
08-10-2009,19,20,45,39,32,20
15-10-2009,26,18,19,29,1,16
22-10-2009,3,9,45,41,35,7
29-10-2009,3,6,8,15,32,15
05-11-2009,26,14,25,3,43,10
12-11-2009,14,15,10,28,23,12
19-11-2009,33,13,10,16,45,4
26-11-2009,11,23,36,15,14,18
03-12-2009,40,20,29,24,14,13
10-12-2009,15,30,16,43,18,5
17-12-2009,6,32,15,37,13,9
24-12-2009,10,44,8,29,22,4
31-12-2009,5,33,10,45,26,14
07-01-2010,24,20,45,6,16,7
14-01-2010,10,8,25,23,20,17
21-01-2010,8,12,18,2,34,2
28-01-2010,8,40,30,44,21,10
04-02-2010,31,1,35,3,14,1
11-02-2010,22,13,43,28,6,14
18-02-2010,18,44,28,31,13,2
25-02-2010,16,5,33,9,24,4
04-03-2010,34,3,14,39,43,18
11-03-2010,14,39,29,26,22,4
18-03-2010,15,36,24,8,16,10
25-03-2010,17,1,24,4,2,10
01-04-2010,23,36,20,32,1,7
04-04-2010,29,32,43,33,40,17
08-04-2010,37,1,4,18,14,12
11-04-2010,39,8,16,35,18,18
15-04-2010,4,1,12,31,32,9
18-04-2010,7,4,41,19,38,1
22-04-2010,41,30,18,44,34,19
25-04-2010,37,14,39,5,28,17
29-04-2010,26,5,38,21,43,11
02-05-2010,18,24,7,29,11,3
06-05-2010,35,39,37,24,1,1
09-05-2010,43,15,14,12,13,17
13-05-2010,31,12,11,37,3,6
16-05-2010,5,7,43,26,14,11
20-05-2010,14,2,20,45,21,9
23-05-2010,21,26,18,12,9,20
27-05-2010,37,44,32,20,8,19
30-05-2010,2,5,35,14,41,17
03-06-2010,45,9,13,43,37,12
06-06-2010,43,26,22,10,23,14
10-06-2010,32,13,9,6,38,14
13-06-2010,8,31,5,38,20,13
17-06-2010,19,12,21,14,1,14
20-06-2010,7,37,16,2,21,5
24-06-2010,32,33,12,9,11,6
27-06-2010,37,21,14,3,18,20
01-07-2010,11,18,16,12,24,6
04-07-2010,7,25,33,1,11,9
08-07-2010,43,23,27,39,24,8
11-07-2010,9,5,11,37,44,7
15-07-2010,43,11,9,3,25,3
18-07-2010,45,19,3,11,37,5
22-07-2010,41,25,1,42,7,20
25-07-2010,27,13,45,33,41,13
29-07-2010,22,12,19,43,8,18
01-08-2010,44,21,8,42,16,3
05-08-2010,2,7,36,45,18,10
08-08-2010,10,15,39,6,26,6
12-08-2010,17,19,40,5,3,20
15-08-2010,16,44,4,18,1,11
19-08-2010,28,24,1,16,6,18
22-08-2010,44,23,29,16,4,5
26-08-2010,15,44,36,25,12,19
29-08-2010,22,15,8,19,43,4
02-09-2010,6,3,41,23,7,8
05-09-2010,16,7,40,9,27,5
09-09-2010,5,32,28,41,29,12
12-09-2010,5,18,35,13,30,5
16-09-2010,25,31,34,9,11,20
19-09-2010,40,18,45,44,2,9
23-09-2010,33,4,18,11,31,8
26-09-2010,25,36,41,11,34,16
30-09-2010,37,6,20,39,30,9
03-10-2010,30,29,14,24,10,20
07-10-2010,5,2,10,35,25,19
10-10-2010,5,23,9,20,44,11
14-10-2010,5,3,11,36,23,16
17-10-2010,22,7,21,17,20,16
21-10-2010,35,6,13,5,41,1
24-10-2010,11,9,41,3,7,19
28-10-2010,1,45,5,4,29,3
31-10-2010,27,12,21,35,20,14
04-11-2010,16,8,39,9,41,19
07-11-2010,12,2,39,1,34,19
11-11-2010,32,5,40,34,4,1
14-11-2010,20,28,31,22,4,5
18-11-2010,18,8,19,30,28,17
21-11-2010,45,31,34,16,27,10
25-11-2010,33,35,2,23,21,3
28-11-2010,23,5,19,3,25,14
02-12-2010,24,43,33,44,45,2
05-12-2010,5,11,2,25,14,4
09-12-2010,6,20,4,13,30,12
12-12-2010,20,7,14,38,41,1
16-12-2010,20,19,44,41,23,11
19-12-2010,43,13,4,23,18,13
23-12-2010,11,9,2,40,18,8
30-12-2010,34,45,28,43,7,20
06-01-2011,33,44,17,9,23,17
09-01-2011,24,19,18,17,38,10
13-01-2011,40,17,28,8,6,4
16-01-2011,35,30,23,33,6,19
20-01-2011,13,25,18,3,34,14
23-01-2011,21,24,18,34,42,20
27-01-2011,21,31,2,19,30,18
30-01-2011,23,14,31,13,3,14
03-02-2011,29,22,17,37,14,7
06-02-2011,34,42,37,18,43,15
10-02-2011,16,2,11,19,20,9
13-02-2011,11,33,24,36,8,6
17-02-2011,16,28,37,3,35,19
20-02-2011,6,35,15,34,10,6
24-02-2011,17,21,23,20,13,5
27-02-2011,9,18,12,22,6,1
03-03-2011,43,37,29,6,23,10
06-03-2011,14,34,6,35,19,12
10-03-2011,29,31,33,2,44,1
13-03-2011,34,17,39,21,14,1
17-03-2011,2,40,30,39,3,20
20-03-2011,37,27,8,35,28,20
24-03-2011,11,29,44,1,9,4
27-03-2011,44,20,30,25,35,17
31-03-2011,40,45,11,44,31,7
03-04-2011,17,30,19,9,11,17
07-04-2011,34,8,28,24,26,10
10-04-2011,13,44,37,20,23,2
14-04-2011,2,34,43,8,36,11
17-04-2011,4,30,28,26,1,17
21-04-2011,10,45,11,3,18,19
24-04-2011,10,22,4,40,19,8
28-04-2011,10,44,19,21,32,8
01-05-2011,43,16,32,41,34,5
05-05-2011,12,39,4,33,15,14
08-05-2011,13,20,16,27,10,15
12-05-2011,6,40,8,28,30,12
15-05-2011,26,10,17,41,4,4
19-05-2011,11,36,20,43,1,2
22-05-2011,4,28,41,15,39,18
26-05-2011,9,22,2,44,45,16
29-05-2011,31,24,36,6,14,3
02-06-2011,5,17,20,15,21,5
05-06-2011,10,44,4,33,24,19
09-06-2011,45,28,16,15,2,9
12-06-2011,7,6,3,4,36,5
16-06-2011,23,3,41,44,7,7
19-06-2011,31,40,9,16,8,5
23-06-2011,30,20,41,9,2,4
26-06-2011,17,10,9,22,4,3
30-06-2011,27,5,44,12,6,16
03-07-2011,43,11,8,2,32,6
07-07-2011,29,4,45,25,36,17
10-07-2011,8,23,33,27,39,4
14-07-2011,9,14,35,34,32,16
17-07-2011,13,16,37,28,25,6
21-07-2011,31,18,45,3,23,3
24-07-2011,13,28,37,42,33,9
28-07-2011,44,31,28,34,16,12
31-07-2011,41,33,13,9,34,11
04-08-2011,12,4,25,30,8,7
07-08-2011,42,2,19,18,15,3
11-08-2011,3,12,21,32,16,10
14-08-2011,25,31,6,33,39,20
18-08-2011,6,7,29,30,27,11
21-08-2011,34,39,27,44,17,2
25-08-2011,11,21,23,16,42,13
28-08-2011,28,19,16,4,41,19
01-09-2011,7,3,12,25,13,12
04-09-2011,29,36,44,32,33,8
08-09-2011,27,13,39,17,33,14
11-09-2011,8,26,27,32,7,14
15-09-2011,7,39,16,40,23,6
18-09-2011,25,30,18,19,8,16
22-09-2011,13,4,31,43,2,2
25-09-2011,36,31,1,13,32,12
29-09-2011,23,38,24,1,32,20
02-10-2011,12,43,11,18,27,10
06-10-2011,5,12,14,4,1,20
09-10-2011,36,6,23,41,18,12
13-10-2011,16,29,24,26,8,3
16-10-2011,39,37,1,36,15,9
20-10-2011,4,3,31,23,20,10
23-10-2011,41,33,25,42,21,16
27-10-2011,41,8,23,25,33,3
30-10-2011,16,37,3,29,9,9
03-11-2011,5,27,36,41,40,8
06-11-2011,3,40,18,21,30,20
10-11-2011,31,5,34,8,23,9
13-11-2011,7,1,35,25,18,5
17-11-2011,35,42,24,17,28,7
20-11-2011,15,8,33,7,4,15
24-11-2011,11,6,37,16,30,20
27-11-2011,8,3,4,7,14,12
01-12-2011,13,24,20,32,31,5
04-12-2011,40,4,13,1,29,20
08-12-2011,1,36,18,33,32,1
11-12-2011,37,3,6,21,2,14
15-12-2011,3,44,20,27,14,10
18-12-2011,17,31,29,18,6,7
22-12-2011,44,22,31,19,13,10
30-12-2011,11,41,38,22,19,11
30-12-2011,22,38,29,40,9,13
05-01-2012,12,8,40,28,26,17
08-01-2012,23,26,34,31,4,6
12-01-2012,34,33,26,27,16,4
15-01-2012,42,43,11,45,17,13
19-01-2012,16,22,7,21,40,13
22-01-2012,24,10,18,12,16,13
26-01-2012,22,28,32,2,40,6
29-01-2012,37,20,4,26,7,7
02-02-2012,23,6,29,4,22,11
05-02-2012,8,30,9,26,17,13
09-02-2012,23,39,11,1,22,19
12-02-2012,35,37,7,39,12,8
16-02-2012,26,45,11,36,25,9
19-02-2012,28,37,34,33,6,14
23-02-2012,11,3,30,36,19,2
26-02-2012,31,40,30,13,5,7
01-03-2012,8,39,3,43,42,2
04-03-2012,35,5,29,28,19,2
08-03-2012,14,40,25,20,9,20
11-03-2012,16,44,32,23,34,18
15-03-2012,36,5,31,38,17,7
18-03-2012,36,26,27,30,5,17
22-03-2012,34,45,25,26,15,1
25-03-2012,33,14,17,26,11,1
29-03-2012,27,8,34,31,4,19
01-04-2012,1,45,36,6,13,13
05-04-2012,16,19,17,5,44,4
08-04-2012,28,24,5,4,30,15
15-04-2012,22,25,24,13,16,3
15-04-2012,29,38,31,20,24,10
19-04-2012,21,23,17,7,39,5
22-04-2012,26,13,21,43,9,13
26-04-2012,44,17,42,8,40,3
29-04-2012,30,31,6,1,2,15
03-05-2012,18,24,12,30,31,20
06-05-2012,6,45,30,37,44,17
10-05-2012,8,18,17,6,30,5
13-05-2012,42,11,45,34,28,10
17-05-2012,44,22,18,12,13,15
20-05-2012,8,43,25,35,45,4
24-05-2012,29,6,38,43,34,6
27-05-2012,18,25,14,36,33,4
31-05-2012,9,11,40,10,36,6
03-06-2012,6,13,18,8,25,2
07-06-2012,1,37,8,32,2,10
10-06-2012,45,17,35,37,3,15
14-06-2012,7,35,11,21,16,4
17-06-2012,40,14,44,37,45,11
21-06-2012,7,33,23,31,45,7
24-06-2012,45,40,20,18,16,15
28-06-2012,9,1,45,42,40,6
01-07-2012,1,17,38,29,19,12
05-07-2012,37,39,28,26,12,4
08-07-2012,13,8,23,5,15,12
12-07-2012,2,43,45,39,27,2
15-07-2012,44,22,32,41,43,8
19-07-2012,40,8,15,35,34,11
22-07-2012,37,6,4,23,26,3
26-07-2012,15,39,6,21,33,20
29-07-2012,4,17,45,1,5,18
02-08-2012,43,40,34,30,17,19
05-08-2012,34,2,1,30,11,12
09-08-2012,8,29,26,20,45,6
12-08-2012,19,17,45,5,21,1
16-08-2012,10,28,18,24,12,14
19-08-2012,15,3,7,35,23,4
23-08-2012,30,38,32,9,34,10
26-08-2012,8,37,16,27,42,11
30-08-2012,11,29,14,26,39,5
02-09-2012,34,35,23,42,18,15
06-09-2012,27,31,28,7,23,18
09-09-2012,22,3,33,12,13,7
16-09-2012,31,30,1,19,35,16
16-09-2012,3,29,1,10,35,1
20-09-2012,12,35,17,23,18,6
23-09-2012,4,9,10,18,38,1
27-09-2012,30,17,34,45,27,14
30-09-2012,14,28,5,8,22,1
04-10-2012,7,22,3,8,9,3
07-10-2012,7,25,3,8,39,15
11-10-2012,37,44,20,29,34,12
14-10-2012,35,33,37,3,20,7
18-10-2012,40,5,33,23,12,5
21-10-2012,32,26,18,25,22,12
25-10-2012,33,16,41,26,42,3
28-10-2012,41,16,36,21,5,10
01-11-2012,33,4,13,40,6,7
04-11-2012,35,33,40,34,26,16
08-11-2012,14,18,24,40,11,5
11-11-2012,8,5,20,33,17,4
15-11-2012,2,6,43,39,30,1
18-11-2012,23,36,39,1,17,14
22-11-2012,27,36,22,28,16,4
25-11-2012,30,43,15,29,24,10
29-11-2012,41,18,43,34,1,5
02-12-2012,22,8,37,33,29,20
06-12-2012,42,3,5,18,28,13
09-12-2012,18,37,16,39,43,19
13-12-2012,12,16,2,19,22,5
16-12-2012,37,17,26,36,44,2
20-12-2012,5,11,15,2,1,20
23-12-2012,44,38,6,29,43,15
30-12-2012,18,9,15,24,1,6
30-12-2012,16,39,33,2,22,18
06-01-2013,35,34,32,21,27,9
10-01-2013,7,19,20,37,3,2
13-01-2013,39,33,29,4,38,3
17-01-2013,37,31,3,13,15,4
20-01-2013,32,18,17,14,38,16
24-01-2013,18,32,1,35,23,6
27-01-2013,40,35,17,9,42,13
31-01-2013,15,19,13,10,29,20
03-02-2013,8,35,4,13,9,5
07-02-2013,35,12,9,10,41,20
10-02-2013,28,18,5,29,42,11
14-02-2013,27,32,44,45,23,5
17-02-2013,45,38,2,42,11,1
21-02-2013,3,35,39,38,9,18
24-02-2013,32,40,15,38,4,4
28-02-2013,40,23,39,13,18,14
03-03-2013,12,45,19,36,28,17
07-03-2013,12,17,32,44,37,6
10-03-2013,5,33,41,40,23,6
14-03-2013,28,6,9,10,40,2
17-03-2013,27,8,43,23,19,20
21-03-2013,15,26,30,32,1,2
24-03-2013,9,30,44,6,10,3
28-03-2013,5,8,34,18,25,12
31-03-2013,45,39,19,41,15,18
04-04-2013,20,45,36,3,19,4
07-04-2013,13,18,9,4,27,1
11-04-2013,45,10,9,42,22,19
14-04-2013,9,17,14,30,16,14
18-04-2013,4,39,13,37,36,10
21-04-2013,28,41,4,36,1,15
25-04-2013,2,30,13,38,34,12
28-04-2013,43,10,2,12,11,15
05-05-2013,44,3,38,33,27,17
05-05-2013,8,6,15,7,3,4
09-05-2013,15,16,11,23,22,9
12-05-2013,23,5,39,33,3,7
16-05-2013,30,39,41,19,38,6
19-05-2013,32,30,10,42,6,11
23-05-2013,39,32,14,1,13,14
26-05-2013,17,41,21,7,36,7
30-05-2013,26,21,17,23,30,10
02-06-2013,31,18,11,7,39,15
06-06-2013,23,45,20,9,11,5
09-06-2013,11,30,35,28,37,10
13-06-2013,18,2,1,30,32,4
16-06-2013,41,17,31,25,33,15
20-06-2013,13,25,20,28,36,6
23-06-2013,13,1,19,14,29,13
27-06-2013,25,7,33,9,30,11
30-06-2013,21,6,45,44,26,1
04-07-2013,16,2,17,14,15,7
07-07-2013,4,20,16,3,8,5
11-07-2013,36,20,5,37,15,1
14-07-2013,38,17,37,28,8,2
18-07-2013,32,39,40,13,22,13
21-07-2013,45,13,31,25,43,3
25-07-2013,11,41,20,38,27,7
28-07-2013,11,8,27,31,32,13
01-08-2013,5,33,32,30,20,4
04-08-2013,39,13,9,29,19,20
08-08-2013,7,33,28,20,12,2
11-08-2013,11,23,20,43,45,7
15-08-2013,9,40,30,8,24,18
18-08-2013,32,15,29,42,3,5
22-08-2013,17,29,28,4,40,14
25-08-2013,31,37,6,17,42,12
29-08-2013,5,11,42,20,28,10
01-09-2013,6,1,37,5,13,18
05-09-2013,14,22,16,32,25,16
08-09-2013,37,32,36,42,33,3
15-09-2013,36,14,32,43,9,9
15-09-2013,13,36,15,30,37,19
19-09-2013,6,25,32,13,29,20
22-09-2013,12,24,4,9,32,16
26-09-2013,4,39,30,6,10,17
29-09-2013,38,44,27,13,40,17
03-10-2013,24,15,45,29,28,16
06-10-2013,39,33,29,35,14,4
10-10-2013,24,45,17,29,10,4
13-10-2013,36,10,19,30,8,9
17-10-2013,32,31,28,4,22,10
20-10-2013,45,14,44,25,39,20
24-10-2013,7,19,15,2,11,13
27-10-2013,2,34,3,32,10,7
31-10-2013,9,7,18,19,39,3
03-11-2013,8,34,26,27,1,3
07-11-2013,20,29,33,7,44,7
10-11-2013,29,24,28,21,19,8
14-11-2013,22,2,28,11,21,15
17-11-2013,25,44,36,40,19,20
21-11-2013,42,19,6,38,18,2
24-11-2013,7,44,40,12,39,17
28-11-2013,31,30,18,25,28,13
01-12-2013,29,38,36,37,23,6
05-12-2013,6,23,35,17,30,19
08-12-2013,9,1,18,2,45,4
12-12-2013,26,16,21,41,8,19
15-12-2013,4,39,29,10,24,19
19-12-2013,43,12,42,30,15,14
22-12-2013,43,5,18,14,8,20
30-12-2013,8,23,42,43,40,19
30-12-2013,10,44,24,3,41,2
05-01-2014,28,30,2,37,45,16
09-01-2014,9,21,23,19,6,18
12-01-2014,42,10,25,21,36,2
16-01-2014,14,19,24,45,9,20
19-01-2014,16,11,2,40,9,10
23-01-2014,44,14,19,45,27,13
26-01-2014,1,10,20,4,23,9
30-01-2014,44,43,41,22,16,20
02-02-2014,10,17,29,7,45,5
06-02-2014,34,2,36,45,27,16
09-02-2014,10,29,24,5,25,13
13-02-2014,21,5,22,43,30,9
16-02-2014,31,34,21,30,19,7
20-02-2014,34,5,30,45,33,16
23-02-2014,11,1,39,24,13,5
27-02-2014,26,25,20,3,28,4
02-03-2014,24,45,32,27,19,11
06-03-2014,32,39,6,13,33,4
09-03-2014,38,45,20,41,39,2
13-03-2014,2,39,45,1,37,14
16-03-2014,22,45,32,35,38,17
20-03-2014,39,34,9,29,11,19
23-03-2014,23,31,19,34,43,6
27-03-2014,15,6,11,24,27,5
30-03-2014,38,44,20,26,16,15
03-04-2014,40,45,38,22,39,16
06-04-2014,18,15,43,45,4,2
10-04-2014,15,29,13,38,43,15
13-04-2014,39,32,16,29,27,20
20-04-2014,10,9,23,16,22,1
20-04-2014,44,18,35,5,19,11
24-04-2014,21,5,42,38,43,11
27-04-2014,17,42,4,44,37,2
01-05-2014,4,17,24,32,37,5
04-05-2014,15,28,42,37,25,12
08-05-2014,34,30,28,12,38,11
11-05-2014,1,16,40,30,26,3
15-05-2014,43,27,19,35,10,9
18-05-2014,26,20,41,14,27,16
22-05-2014,19,25,16,8,21,3
25-05-2014,38,45,24,42,1,10
29-05-2014,22,14,8,39,3,14
01-06-2014,4,2,3,7,30,4
01-06-2014,14,26,32,24,18,19
08-06-2014,35,33,36,45,40,5
12-06-2014,12,18,5,22,39,19
15-06-2014,35,19,20,22,25,12
19-06-2014,22,18,29,28,42,7
22-06-2014,33,31,7,45,34,13
26-06-2014,36,35,11,1,44,20
29-06-2014,13,15,30,3,45,18
03-07-2014,38,31,42,25,19,4
06-07-2014,22,1,4,28,33,10
10-07-2014,24,15,2,38,27,4
13-07-2014,42,6,7,8,20,10
17-07-2014,16,21,44,17,24,19
20-07-2014,8,1,21,43,37,9
24-07-2014,28,15,23,45,40,9
27-07-2014,23,15,24,5,44,3
31-07-2014,19,3,45,42,8,18
03-08-2014,40,23,34,36,21,20
07-08-2014,23,26,4,37,11,8
10-08-2014,14,21,10,42,35,12
14-08-2014,40,16,36,7,4,16
17-08-2014,42,35,44,4,31,3
21-08-2014,33,8,14,5,17,18
24-08-2014,45,11,44,17,4,8
28-08-2014,28,30,7,3,29,11
31-08-2014,4,29,22,41,27,9
04-09-2014,1,22,11,37,7,14
07-09-2014,31,14,8,12,40,17
14-09-2014,7,3,13,36,14,3
14-09-2014,38,27,15,25,43,6
18-09-2014,34,4,18,19,44,15
21-09-2014,34,33,17,10,4,2
25-09-2014,12,19,39,36,38,13
28-09-2014,15,32,40,37,23,14
02-10-2014,8,26,44,24,7,18
05-10-2014,5,37,19,42,7,18
09-10-2014,1,30,34,24,26,13
12-10-2014,37,7,27,26,1,14
16-10-2014,1,12,31,6,24,5
19-10-2014,12,25,44,29,41,2
23-10-2014,7,34,29,31,45,19
26-10-2014,1,30,43,9,40,18
30-10-2014,24,28,2,19,16,12
02-11-2014,28,10,40,23,5,5
06-11-2014,30,43,7,24,1,19
09-11-2014,15,40,25,45,43,11
13-11-2014,5,6,28,25,24,19
16-11-2014,29,41,21,9,35,13
20-11-2014,1,26,20,10,29,13
23-11-2014,25,18,14,29,36,4
27-11-2014,26,6,7,28,40,9
30-11-2014,2,5,26,8,24,7
04-12-2014,25,7,21,6,38,4
07-12-2014,9,13,32,22,28,7
11-12-2014,41,27,8,38,12,17
14-12-2014,11,29,9,13,6,14
18-12-2014,18,43,12,26,39,20
21-12-2014,23,13,43,21,45,1
30-12-2014,32,34,11,27,8,14
30-12-2014,43,27,38,8,15,10
11-01-2015,44,40,29,30,2,12
15-01-2015,5,41,2,22,39,3
18-01-2015,9,6,17,8,12,2
22-01-2015,1,30,40,17,29,3
25-01-2015,1,23,38,3,30,5
29-01-2015,7,36,31,44,4,4
01-02-2015,27,17,14,39,42,5
05-02-2015,6,26,40,3,10,19
08-02-2015,1,3,45,16,21,12
12-02-2015,11,26,24,6,17,7
15-02-2015,43,42,15,16,4,20
19-02-2015,24,39,42,22,5,12
22-02-2015,40,1,44,9,29,16
26-02-2015,30,23,28,36,17,13
01-03-2015,8,24,16,22,38,5
01-03-2015,20,38,41,22,32,11
05-03-2015,1,34,2,22,39,2
08-03-2015,45,41,21,17,33,14
12-03-2015,32,13,30,40,28,4
15-03-2015,10,7,20,12,23,6
19-03-2015,38,2,15,20,19,18
22-03-2015,10,18,34,42,32,17
26-03-2015,14,40,19,12,22,20
29-03-2015,6,12,14,19,24,15
02-04-2015,20,42,6,17,4,18
05-04-2015,2,23,25,29,27,10
09-04-2015,29,2,17,19,22,13
12-04-2015,26,8,44,20,37,5
12-04-2015,40,1,38,35,22,19
16-04-2015,21,34,6,26,38,16
19-04-2015,14,36,38,24,4,8
23-04-2015,45,35,39,34,15,4
26-04-2015,4,26,24,16,41,19
30-04-2015,35,9,25,27,16,19
03-05-2015,27,9,32,21,14,20
07-05-2015,30,26,20,34,24,5
10-05-2015,30,4,29,33,2,2
14-05-2015,6,15,14,26,23,19
17-05-2015,16,21,33,42,19,2
21-05-2015,31,16,5,9,3,17
24-05-2015,5,16,45,44,41,9
28-05-2015,16,36,11,29,28,13
31-05-2015,10,29,36,14,31,18
04-06-2015,1,23,3,9,25,11
07-06-2015,28,31,26,3,6,1
11-06-2015,10,9,39,19,4,19
14-06-2015,20,1,5,11,18,4
18-06-2015,31,16,28,44,39,15
21-06-2015,37,17,8,39,4,1
25-06-2015,43,38,3,26,2,17
28-06-2015,28,22,12,17,33,10
02-07-2015,8,18,40,14,4,8
05-07-2015,17,29,32,18,4,1
09-07-2015,28,8,6,2,12,16
12-07-2015,5,28,39,41,22,2
16-07-2015,27,29,10,32,3,7
19-07-2015,16,38,12,22,3,3
23-07-2015,3,40,37,20,16,1
26-07-2015,22,17,5,2,36,14
30-07-2015,21,23,26,16,41,9
02-08-2015,41,10,29,31,6,20
06-08-2015,21,34,30,5,45,17
09-08-2015,14,24,45,43,11,9
13-08-2015,6,24,42,7,38,20
16-08-2015,44,8,24,16,7,7
20-08-2015,18,14,43,2,5,7
23-08-2015,21,4,10,3,25,14
27-08-2015,20,41,37,27,30,18
30-08-2015,42,25,1,24,39,19
03-09-2015,18,7,43,45,22,7
06-09-2015,15,1,38,17,8,3
13-09-2015,43,18,16,23,6,16
13-09-2015,33,3,6,24,45,14
17-09-2015,30,27,3,36,33,6
20-09-2015,10,28,30,11,7,16
24-09-2015,29,28,45,41,20,15
27-09-2015,27,26,20,35,34,7
01-10-2015,30,2,43,12,17,13
04-10-2015,9,25,29,38,16,9
08-10-2015,12,44,39,22,35,8
11-10-2015,26,44,39,12,8,12
15-10-2015,45,6,13,30,12,6
18-10-2015,13,10,15,6,31,5
22-10-2015,39,41,25,27,37,16
25-10-2015,20,21,44,17,45,15
29-10-2015,34,40,38,8,20,14
01-11-2015,17,14,45,16,20,9
05-11-2015,28,18,37,44,3,4
08-11-2015,38,24,17,15,36,1
12-11-2015,17,1,21,15,42,16
15-11-2015,5,14,32,34,21,7
19-11-2015,22,7,38,13,1,20
22-11-2015,15,12,11,10,1,14
26-11-2015,23,1,30,34,6,6
29-11-2015,10,7,33,16,9,18
03-12-2015,36,10,37,24,15,6
06-12-2015,4,18,16,29,31,14
10-12-2015,23,41,9,1,22,8
13-12-2015,34,35,6,44,22,7
17-12-2015,3,17,15,10,9,7
20-12-2015,17,45,36,16,33,11
30-12-2015,4,3,40,1,2,13
30-12-2015,5,18,16,2,24,13
07-01-2016,33,17,20,22,4,16
10-01-2016,35,41,28,37,25,2
14-01-2016,33,3,28,41,32,3
17-01-2016,20,26,5,38,18,16
21-01-2016,27,2,4,10,11,9
24-01-2016,24,44,32,8,27,20
28-01-2016,5,42,36,8,11,11
31-01-2016,23,18,24,20,13,7
04-02-2016,26,23,44,9,40,1
07-02-2016,18,11,12,4,8,5
11-02-2016,2,33,40,17,38,9
14-02-2016,35,34,43,20,24,20
18-02-2016,19,41,25,34,24,20
21-02-2016,11,39,1,42,24,17
25-02-2016,45,5,8,41,14,15
28-02-2016,20,30,27,17,16,11
03-03-2016,33,8,14,10,3,2
06-03-2016,26,27,17,37,33,5
06-03-2016,22,26,35,8,19,18
10-03-2016,39,44,19,6,36,17
13-03-2016,7,29,42,20,17,7
17-03-2016,40,7,1,38,39,20
20-03-2016,31,23,33,42,44,16
24-03-2016,2,9,32,40,27,2
27-03-2016,28,30,9,32,42,18
31-03-2016,32,45,33,27,8,1
03-04-2016,19,29,3,17,37,4
07-04-2016,21,27,18,33,45,1
10-04-2016,24,25,3,40,39,16
14-04-2016,28,35,36,6,24,20
17-04-2016,14,43,20,30,24,3
21-04-2016,10,19,26,23,39,15
24-04-2016,28,20,23,3,24,11
01-05-2016,42,17,11,20,16,2
01-05-2016,44,24,15,41,5,2
05-05-2016,18,12,11,16,39,11
08-05-2016,11,41,37,34,7,6
12-05-2016,40,7,8,43,34,3
15-05-2016,35,37,13,41,31,1
19-05-2016,34,29,21,42,19,9
22-05-2016,38,34,37,35,17,11
26-05-2016,19,23,37,43,38,2
29-05-2016,36,11,6,18,10,7
02-06-2016,40,38,30,31,23,18
05-06-2016,3,28,36,23,45,5
09-06-2016,3,11,10,31,35,4
12-06-2016,6,45,3,21,40,2
16-06-2016,21,3,37,39,7,11
19-06-2016,10,2,41,16,19,9
23-06-2016,12,45,30,6,2,11
26-06-2016,11,40,7,20,17,10
30-06-2016,25,40,31,39,32,14
03-07-2016,4,41,43,17,29,14
07-07-2016,23,1,31,36,12,18
10-07-2016,7,38,36,31,6,12
14-07-2016,19,11,20,34,27,9
17-07-2016,42,14,28,22,36,9
21-07-2016,24,16,10,39,1,12
24-07-2016,12,33,32,45,4,19
28-07-2016,8,35,11,17,42,16
31-07-2016,8,45,2,42,5,16
04-08-2016,20,19,29,17,32,14
07-08-2016,24,41,33,15,16,5
11-08-2016,21,32,36,13,15,2
14-08-2016,35,21,19,11,34,9
18-08-2016,42,32,27,31,2,18
21-08-2016,3,20,32,8,4,6
25-08-2016,16,32,25,28,38,20
28-08-2016,23,27,20,6,16,3
01-09-2016,37,3,41,24,35,11
04-09-2016,23,4,32,18,24,16
08-09-2016,12,34,16,1,41,10
11-09-2016,43,34,31,24,2,2
15-09-2016,5,33,42,45,17,7
18-09-2016,40,24,22,23,20,11
18-09-2016,26,42,10,32,6,5
22-09-2016,25,12,39,16,13,6
25-09-2016,18,34,5,33,28,9
29-09-2016,24,31,3,13,10,5
02-10-2016,26,32,6,8,24,6
06-10-2016,16,45,39,1,22,5
09-10-2016,19,32,18,13,15,8
13-10-2016,38,16,2,1,43,1
16-10-2016,23,29,16,4,20,3
20-10-2016,22,23,39,18,34,4
23-10-2016,22,40,32,42,15,17
27-10-2016,30,39,24,20,9,14
30-10-2016,14,23,2,6,35,17
03-11-2016,5,2,32,31,43,10
06-11-2016,32,25,8,45,24,10
10-11-2016,7,11,43,9,35,2
13-11-2016,31,39,27,37,32,11
17-11-2016,10,29,7,11,8,12
20-11-2016,41,22,21,18,37,10
24-11-2016,39,5,17,2,25,1
27-11-2016,14,10,45,18,3,1
04-12-2016,41,29,21,22,45,3
08-12-2016,41,32,26,4,23,17
11-12-2016,15,6,9,5,3,1
15-12-2016,15,37,24,17,9,15
18-12-2016,1,2,12,41,31,17
22-12-2016,27,1,3,38,31,18
31-12-2016,17,34,31,36,24,7
31-12-2016,45,23,32,11,25,1
05-01-2017,7,38,12,31,42,10
08-01-2017,23,21,10,34,27,4
12-01-2017,7,22,5,6,44,13
15-01-2017,11,40,36,41,5,19
19-01-2017,41,43,44,2,15,20
22-01-2017,22,29,37,31,5,8
26-01-2017,21,7,28,34,23,15
29-01-2017,44,10,11,8,17,17
02-02-2017,20,31,16,38,15,14
05-02-2017,37,14,7,32,41,17
09-02-2017,12,21,9,10,33,5
12-02-2017,17,10,32,18,20,14
16-02-2017,41,10,27,37,20,18
19-02-2017,9,12,6,16,3,6
23-02-2017,23,10,4,39,13,8
26-02-2017,23,45,20,21,26,12
02-03-2017,27,30,9,31,16,6
05-03-2017,30,26,17,15,34,6
05-03-2017,33,4,36,22,17,2
09-03-2017,45,30,33,3,5,20
12-03-2017,28,4,10,16,23,17
16-03-2017,42,34,37,16,39,4
19-03-2017,3,21,37,13,19,16
23-03-2017,21,6,4,35,30,11
26-03-2017,3,38,27,9,24,14
30-03-2017,40,28,24,42,39,8
02-04-2017,41,31,15,28,18,19
06-04-2017,20,28,25,21,43,5
09-04-2017,23,17,16,37,28,10
16-04-2017,12,31,15,22,41,7
16-04-2017,10,9,2,33,31,1
20-04-2017,10,40,19,20,34,11
23-04-2017,8,15,12,25,30,8
27-04-2017,3,5,38,1,10,13
30-04-2017,28,31,26,40,4,5
04-05-2017,7,20,39,33,18,19
07-05-2017,38,33,15,41,23,6
11-05-2017,22,21,14,12,3,13
14-05-2017,5,37,15,10,16,4
18-05-2017,13,19,21,3,17,5
21-05-2017,12,18,39,42,19,6
25-05-2017,38,20,2,26,16,2
28-05-2017,40,14,27,28,34,17
01-06-2017,45,31,16,26,20,14
04-06-2017,45,31,6,5,15,8
08-06-2017,44,34,3,18,26,8
11-06-2017,36,33,30,44,26,1
15-06-2017,38,5,2,45,35,3
18-06-2017,38,25,40,1,37,11
22-06-2017,26,40,12,3,19,14
25-06-2017,20,2,31,22,40,19
29-06-2017,27,35,21,7,14,15
02-07-2017,2,45,9,13,15,7
06-07-2017,8,30,15,11,14,8
09-07-2017,37,20,42,7,26,10
13-07-2017,15,42,16,4,7,13
16-07-2017,45,34,21,35,10,2
20-07-2017,15,27,21,6,14,8
23-07-2017,6,39,37,16,20,16
27-07-2017,13,39,34,30,5,18
30-07-2017,4,15,19,33,38,16
03-08-2017,41,32,22,26,39,18
06-08-2017,21,32,4,40,23,9
06-08-2017,38,42,43,8,19,13
10-08-2017,33,19,13,39,34,11
13-08-2017,14,19,40,31,6,10
17-08-2017,15,45,8,17,14,18
20-08-2017,23,14,38,40,44,18
24-08-2017,11,14,43,4,7,19
27-08-2017,15,39,24,29,18,5
31-08-2017,35,8,36,6,16,12
03-09-2017,36,20,12,31,45,5
07-09-2017,20,12,40,31,10,18
10-09-2017,16,31,10,22,40,9
17-09-2017,20,39,40,29,36,16
17-09-2017,27,20,35,5,13,17
21-09-2017,19,21,27,14,18,4
24-09-2017,4,35,24,41,25,5
28-09-2017,17,1,4,8,44,19
01-10-2017,32,30,33,28,21,13
05-10-2017,2,12,31,10,29,6
08-10-2017,40,3,5,4,29,8
12-10-2017,32,43,42,3,37,8
15-10-2017,32,21,22,24,42,2
19-10-2017,16,19,3,25,6,12
22-10-2017,42,19,11,32,4,8
26-10-2017,21,43,37,1,36,9
29-10-2017,21,41,27,42,20,10
02-11-2017,6,38,23,20,10,9
05-11-2017,29,19,3,5,10,14
09-11-2017,29,8,15,20,1,7
12-11-2017,21,29,7,40,2,10
16-11-2017,22,9,45,10,20,15
19-11-2017,16,17,33,11,22,6
23-11-2017,43,41,17,18,29,1
26-11-2017,12,6,33,7,35,5
30-11-2017,7,45,22,9,21,11
03-12-2017,5,44,19,21,7,14
07-12-2017,9,29,31,12,10,11
10-12-2017,27,30,3,22,44,10
14-12-2017,5,21,8,42,33,17
17-12-2017,43,21,3,8,13,6
21-12-2017,36,29,35,9,30,14
24-12-2017,39,31,33,42,27,20
31-12-2017,41,14,7,31,37,2
31-12-2017,44,29,8,14,17,3
04-01-2018,33,12,42,7,30,8
07-01-2018,42,8,1,41,2,19
11-01-2018,22,20,12,42,15,12
14-01-2018,29,40,43,13,35,9
18-01-2018,13,24,40,35,34,20
21-01-2018,43,9,16,36,32,8
25-01-2018,8,12,33,1,38,1
28-01-2018,16,28,6,5,32,4
01-02-2018,26,34,2,28,11,14
04-02-2018,35,16,36,26,39,9
08-02-2018,21,41,42,37,44,20
11-02-2018,12,33,17,30,2,5
15-02-2018,45,44,2,32,10,6
18-02-2018,28,12,20,2,35,7
22-02-2018,29,19,26,4,35,13
25-02-2018,10,37,24,15,25,13
01-03-2018,44,40,39,3,32,20
04-03-2018,39,34,21,10,30,4
04-03-2018,38,1,25,30,7,7
08-03-2018,35,45,13,4,24,2
11-03-2018,37,8,41,22,38,3
15-03-2018,6,5,3,25,21,17
18-03-2018,6,24,27,23,10,1
22-03-2018,34,5,20,23,29,7
25-03-2018,21,45,28,16,23,4
29-03-2018,34,3,1,29,20,6
01-04-2018,15,21,41,5,12,8
08-04-2018,40,21,37,26,42,6
08-04-2018,28,10,34,41,14,19
12-04-2018,39,37,16,44,6,5
15-04-2018,13,44,5,42,43,6
19-04-2018,27,10,19,14,32,2
22-04-2018,6,31,7,3,12,7
26-04-2018,10,44,3,20,16,3
29-04-2018,32,30,12,11,19,11
03-05-2018,31,15,38,32,44,5
06-05-2018,11,27,6,4,41,5
10-05-2018,4,18,12,14,9,7
13-05-2018,4,35,18,8,1,2
17-05-2018,13,35,17,24,6,5
20-05-2018,35,28,1,24,3,9
24-05-2018,28,41,42,17,43,5
27-05-2018,30,42,3,25,28,4
31-05-2018,31,41,35,21,22,20
03-06-2018,28,34,18,29,22,1
07-06-2018,5,4,35,36,31,20
10-06-2018,40,39,16,2,7,16
14-06-2018,1,34,35,27,3,7
17-06-2018,31,8,3,33,45,5
21-06-2018,22,20,25,12,36,15
24-06-2018,35,9,30,17,7,5
28-06-2018,11,35,7,25,20,4
01-07-2018,7,31,40,45,22,17
05-07-2018,12,4,25,30,6,15
08-07-2018,26,31,6,23,18,8
12-07-2018,34,31,33,9,18,5
15-07-2018,41,23,3,18,2,18
19-07-2018,31,8,28,22,40,7
22-07-2018,2,8,41,28,40,8
26-07-2018,34,10,26,25,36,19
29-07-2018,30,13,14,36,5,15
02-08-2018,1,12,45,38,23,20
05-08-2018,3,20,1,25,12,10
09-08-2018,26,28,40,21,24,5
12-08-2018,29,38,45,4,25,11
16-08-2018,5,31,26,42,30,13
19-08-2018,45,30,7,31,9,6
23-08-2018,3,37,16,8,34,9
26-08-2018,12,28,17,45,42,17
30-08-2018,39,5,7,15,29,8
02-09-2018,19,31,8,33,17,14
06-09-2018,27,10,2,43,12,1
09-09-2018,13,14,1,35,25,10
13-09-2018,32,2,20,40,41,4
16-09-2018,2,37,34,15,21,4
16-09-2018,21,12,18,28,32,13
20-09-2018,12,24,31,6,34,18
23-09-2018,24,22,40,39,27,17
27-09-2018,11,26,32,23,44,9
30-09-2018,40,32,41,2,38,3
04-10-2018,31,44,41,20,25,5
07-10-2018,21,3,42,34,4,9
11-10-2018,34,1,6,26,10,14
14-10-2018,6,18,29,32,17,8
18-10-2018,19,20,38,40,10,16
21-10-2018,35,5,43,21,9,7
21-10-2018,4,7,19,26,31,9
25-10-2018,25,13,15,11,37,17
28-10-2018,17,24,42,44,13,6
01-11-2018,16,44,9,27,36,2
04-11-2018,44,40,27,10,35,12
08-11-2018,32,22,6,42,36,3
11-11-2018,25,18,37,39,32,13
15-11-2018,24,20,4,25,39,3
18-11-2018,9,38,8,6,3,15
18-11-2018,28,40,18,43,16,20
22-11-2018,6,15,45,32,41,16
25-11-2018,25,27,3,1,8,2
29-11-2018,39,37,43,44,2,5
02-12-2018,17,4,37,16,27,2
02-12-2018,17,27,26,23,30,15
06-12-2018,37,36,18,39,7,3
09-12-2018,38,14,37,12,19,20
13-12-2018,32,6,25,24,42,6
16-12-2018,43,31,22,9,23,7
20-12-2018,18,45,21,20,37,15
23-12-2018,45,2,21,3,10,20
31-12-2018,39,4,13,32,20,3
06-01-2019,8,20,42,38,22,17
10-01-2019,18,38,43,45,11,2
13-01-2019,29,44,27,6,40,19
17-01-2019,39,3,32,27,30,3
20-01-2019,11,33,10,6,12,3
24-01-2019,36,13,45,31,12,14
27-01-2019,17,3,7,28,38,15
31-01-2019,25,6,43,5,2,4
03-02-2019,21,22,14,7,43,19
07-02-2019,1,41,5,2,22,6
10-02-2019,44,30,17,3,24,6
14-02-2019,43,3,41,27,15,19
17-02-2019,4,3,13,43,11,16
21-02-2019,1,37,13,23,5,2
24-02-2019,30,6,27,13,20,11
28-02-2019,29,3,39,14,33,6
03-03-2019,42,18,33,12,34,4
07-03-2019,18,15,40,13,3,6
10-03-2019,16,27,22,6,43,4
14-03-2019,28,39,33,1,45,8
17-03-2019,9,14,12,10,4,7
21-03-2019,35,29,11,14,4,6
24-03-2019,13,4,22,35,39,4
28-03-2019,26,10,15,16,14,18
31-03-2019,40,21,16,18,17,2
04-04-2019,21,5,24,16,13,8
07-04-2019,29,21,34,1,39,2
11-04-2019,17,37,27,4,35,3
14-04-2019,40,13,39,34,25,10
18-04-2019,14,33,26,9,28,5
21-04-2019,16,13,33,44,39,8
27-04-2019,5,6,15,25,33,12
27-04-2019,22,6,21,5,45,3
02-05-2019,40,3,16,1,37,18
05-05-2019,14,5,11,25,18,18
09-05-2019,26,17,1,8,33,17
12-05-2019,7,4,42,27,19,12
16-05-2019,42,23,41,38,13,14
19-05-2019,3,28,44,19,14,13
23-05-2019,45,4,31,18,21,1
26-05-2019,1,8,18,12,24,18
30-05-2019,41,10,32,31,6,12
02-06-2019,33,20,3,21,34,18
06-06-2019,30,18,43,3,16,7
09-06-2019,34,11,21,40,43,2
13-06-2019,16,5,38,35,37,13
16-06-2019,10,27,4,37,36,12
20-06-2019,37,40,44,42,28,3
23-06-2019,11,21,12,2,3,19
27-06-2019,37,32,16,23,2,7
30-06-2019,4,7,13,40,44,19
04-07-2019,10,13,33,18,45,3
07-07-2019,22,5,38,4,24,4
11-07-2019,39,43,16,34,28,10
14-07-2019,45,16,10,35,31,18
18-07-2019,1,31,12,44,5,9
21-07-2019,36,9,29,26,40,11
25-07-2019,41,45,24,16,6,12
28-07-2019,28,45,24,40,33,5
01-08-2019,35,44,19,25,43,3
04-08-2019,6,20,7,9,8,4
08-08-2019,43,11,15,42,36,1
11-08-2019,24,23,4,18,32,9
15-08-2019,30,38,40,32,27,3
18-08-2019,13,6,4,1,28,3
22-08-2019,31,34,8,17,24,3
25-08-2019,17,14,37,41,26,7
29-08-2019,42,18,27,10,32,14
01-09-2019,25,22,19,4,10,9
05-09-2019,37,35,8,39,14,20
08-09-2019,27,3,32,2,11,14
12-09-2019,44,1,35,17,43,20
15-09-2019,16,43,23,24,20,16
15-09-2019,17,5,6,37,44,10
19-09-2019,10,6,35,21,43,7
22-09-2019,23,29,10,17,26,14
26-09-2019,31,10,15,7,5,16
29-09-2019,31,32,19,22,35,13
03-10-2019,37,24,8,40,20,12
06-10-2019,45,28,4,5,18,3
10-10-2019,45,31,33,30,7,9
13-10-2019,22,8,5,36,23,13
17-10-2019,1,40,13,19,25,10
20-10-2019,10,14,26,24,22,8
24-10-2019,31,14,21,5,23,13
27-10-2019,35,17,4,42,31,9
31-10-2019,25,35,5,45,34,9
03-11-2019,25,12,43,13,34,12
07-11-2019,41,6,34,19,32,13
10-11-2019,31,41,16,43,13,12
14-11-2019,5,11,35,4,18,13
17-11-2019,38,12,25,28,41,4
21-11-2019,3,26,17,4,27,1
24-11-2019,27,31,21,44,26,6
28-11-2019,8,14,38,36,29,7
01-12-2019,5,23,37,45,8,18
01-12-2019,12,38,25,42,7,20
05-12-2019,32,5,42,39,37,5
08-12-2019,11,17,27,14,28,5
12-12-2019,41,9,27,43,42,5
15-12-2019,27,11,18,45,4,5
19-12-2019,24,25,6,22,9,9
22-12-2019,14,28,38,39,19,2
31-12-2019,27,16,17,7,31,17
31-12-2019,2,44,27,12,33,5
05-01-2020,10,40,25,8,35,10
09-01-2020,1,27,22,21,12,8
12-01-2020,19,16,43,5,37,12
16-01-2020,33,37,6,18,34,9
19-01-2020,45,43,42,41,20,15
23-01-2020,4,10,14,1,11,20
26-01-2020,10,20,31,28,45,6
30-01-2020,18,10,7,30,24,11
02-02-2020,3,40,34,21,44,9
06-02-2020,25,2,39,8,43,9
09-02-2020,10,3,38,24,5,20
13-02-2020,27,43,22,12,42,13
16-02-2020,43,31,42,33,19,18
20-02-2020,35,19,41,16,20,12
23-02-2020,24,23,27,13,19,15
27-02-2020,8,10,43,7,18,10
01-03-2020,20,9,8,42,31,20
05-03-2020,16,4,43,36,5,7
08-03-2020,32,10,33,3,12,15
08-03-2020,27,36,23,42,9,17
12-03-2020,29,19,30,38,13,10
15-03-2020,29,3,24,20,7,4
19-03-2020,43,33,40,19,12,10
21-06-2020,9,36,27,21,3,8
25-06-2020,31,39,7,10,15,12
28-06-2020,11,38,29,10,36,3
02-07-2020,6,9,14,3,16,8
05-07-2020,44,36,1,6,16,19
09-07-2020,9,27,38,34,7,10
12-07-2020,9,25,24,30,14,16
16-07-2020,37,24,22,10,26,20
19-07-2020,3,28,13,29,17,7
23-07-2020,17,26,1,32,35,20
26-07-2020,45,3,9,1,29,19
30-07-2020,13,6,45,9,8,8
02-08-2020,32,42,39,20,4,19
06-08-2020,7,32,40,6,25,9
09-08-2020,16,25,35,5,42,16
13-08-2020,36,1,23,8,41,5
16-08-2020,23,28,11,35,18,18
20-08-2020,13,32,41,5,23,4
23-08-2020,30,3,41,7,18,14
27-08-2020,26,20,19,16,44,12
30-08-2020,11,25,13,9,31,1
03-09-2020,13,17,38,25,2,1
06-09-2020,10,34,23,32,8,4
10-09-2020,25,4,5,3,10,11
13-09-2020,42,32,41,18,22,6
13-09-2020,11,7,41,3,22,18
17-09-2020,33,2,28,30,5,12
20-09-2020,6,39,28,9,25,2
24-09-2020,18,1,35,44,22,16
27-09-2020,4,22,21,6,18,2
01-10-2020,9,41,14,3,45,11
04-10-2020,30,23,1,41,31,4
08-10-2020,3,35,12,44,38,13
11-10-2020,22,45,37,23,7,18
15-10-2020,25,15,31,3,2,18
18-10-2020,31,16,15,32,38,7
22-10-2020,29,43,42,34,8,13
25-10-2020,44,9,14,13,16,8
29-10-2020,32,7,5,29,14,14
01-11-2020,24,10,11,4,43,20
05-11-2020,8,22,34,2,5,6
08-11-2020,19,15,20,21,1,20
12-11-2020,29,28,21,9,3,10
15-11-2020,1,2,30,33,9,17
19-11-2020,44,9,6,32,10,16
22-11-2020,38,28,2,6,25,1
26-11-2020,10,24,37,30,28,1
29-11-2020,25,14,6,32,20,19
03-12-2020,33,25,44,17,28,1
06-12-2020,21,17,39,26,44,19
06-12-2020,30,15,34,42,8,20
10-12-2020,11,43,16,32,38,9
13-12-2020,38,8,15,27,34,11
17-12-2020,2,19,42,11,39,12
20-12-2020,35,42,2,28,30,6
24-12-2020,33,44,20,12,17,10
31-12-2020,18,21,13,23,36,17
31-12-2020,19,45,10,11,42,6
03-01-2021,17,21,33,27,10,16
07-01-2021,21,6,29,14,19,18
10-01-2021,10,36,14,38,39,11
14-01-2021,12,10,11,27,36,19
17-01-2021,32,6,29,45,8,2
21-01-2021,41,25,13,8,31,13
24-01-2021,40,35,23,19,28,19
28-01-2021,24,12,21,4,7,19
31-01-2021,5,45,44,1,4,9
04-02-2021,18,10,16,26,3,19
07-02-2021,15,40,20,41,3,11
11-02-2021,16,25,11,38,36,12
14-02-2021,13,25,11,44,18,17
18-02-2021,6,5,8,12,3,4
21-02-2021,12,22,18,26,31,4
25-02-2021,2,44,8,40,30,19
07-03-2021,14,18,1,31,24,2
07-03-2021,19,22,42,36,34,20
11-03-2021,45,16,4,18,1,5
14-03-2021,31,13,21,33,16,17
18-03-2021,13,33,23,6,20,8
21-03-2021,34,9,45,5,31,10
25-03-2021,12,27,29,16,23,9
28-03-2021,6,21,45,36,24,7
01-04-2021,2,3,23,25,10,1
04-04-2021,3,24,22,21,38,10
08-04-2021,39,33,4,40,36,7
11-04-2021,6,4,24,45,33,8
15-04-2021,20,28,32,33,27,4
18-04-2021,2,1,10,25,14,3
22-04-2021,9,44,41,1,12,2
25-04-2021,1,23,15,18,26,17
01-05-2021,3,5,20,9,41,13
01-05-2021,4,9,43,1,36,4
06-05-2021,13,40,5,16,7,3
09-05-2021,5,29,38,14,23,9
13-05-2021,39,36,45,21,15,19
16-05-2021,36,7,8,25,13,1
20-05-2021,2,33,27,9,31,1
23-05-2021,12,42,31,33,34,12
27-05-2021,28,24,27,7,39,10
30-05-2021,40,37,42,31,21,16
03-06-2021,45,10,14,11,37,7
06-06-2021,45,38,40,8,32,10
10-06-2021,24,26,40,29,1,14
13-06-2021,19,34,18,31,6,18
17-06-2021,30,24,16,17,22,19
20-06-2021,30,36,21,25,42,1
24-06-2021,26,6,39,9,33,5
27-06-2021,36,14,40,28,13,4
01-07-2021,17,8,43,20,29,14
04-07-2021,6,31,25,18,11,3
08-07-2021,24,3,29,43,15,6
11-07-2021,4,9,30,35,33,13
15-07-2021,4,7,38,3,24,12
18-07-2021,31,43,1,4,16,7
22-07-2021,24,42,20,30,25,14
25-07-2021,32,33,14,8,29,20
29-07-2021,21,1,34,3,43,10
01-08-2021,15,42,26,45,1,13
05-08-2021,1,24,26,28,27,7
08-08-2021,12,23,19,15,3,13
12-08-2021,28,6,11,21,40,18
15-08-2021,33,10,31,18,28,8
19-08-2021,13,17,25,23,16,8
22-08-2021,28,31,32,9,27,19
26-08-2021,37,21,6,5,29,18
29-08-2021,43,21,32,6,5,19
02-09-2021,29,43,1,28,36,3
05-09-2021,38,4,21,26,15,3
09-09-2021,12,45,36,11,44,6
12-09-2021,11,3,21,30,2,15
12-09-2021,14,38,40,3,28,10
16-09-2021,31,7,34,25,29,2
19-09-2021,23,3,38,7,15,19
23-09-2021,8,15,13,28,23,4
26-09-2021,16,3,2,43,6,20
30-09-2021,31,35,5,6,9,2
03-10-2021,4,44,41,37,9,10
07-10-2021,35,8,32,25,26,2
10-10-2021,19,40,2,23,12,16
14-10-2021,25,35,45,40,8,19
17-10-2021,20,32,33,5,31,4
21-10-2021,2,19,18,27,39,20
24-10-2021,6,45,23,22,17,13
28-10-2021,21,35,17,20,27,17
31-10-2021,28,27,1,24,10,12
04-11-2021,6,40,5,39,25,4
07-11-2021,14,42,13,40,3,8
11-11-2021,36,19,25,11,23,2
14-11-2021,3,20,23,5,14,17
18-11-2021,36,28,35,17,32,12
21-11-2021,28,43,11,32,18,10
25-11-2021,17,10,19,15,8,7
28-11-2021,31,11,17,16,2,6
05-12-2021,8,5,30,36,17,13
05-12-2021,25,43,11,33,20,15
09-12-2021,39,12,28,35,5,2
12-12-2021,45,31,14,6,4,16
16-12-2021,14,22,15,38,17,17
19-12-2021,8,21,27,44,3,7
24-12-2021,15,16,36,5,29,20
31-12-2021,42,37,17,28,18,2
31-12-2021,14,18,35,19,25,16
06-01-2022,41,28,16,39,20,1
09-01-2022,33,16,23,32,22,2
13-01-2022,3,36,19,18,1,19
16-01-2022,45,6,10,8,29,6
20-01-2022,30,15,2,35,29,10
23-01-2022,35,1,45,24,23,2
27-01-2022,10,21,43,15,20,11
30-01-2022,43,3,5,18,31,11
03-02-2022,38,19,28,1,12,3
06-02-2022,9,24,19,5,27,1
10-02-2022,24,28,29,37,32,8
13-02-2022,34,36,23,14,1,15
17-02-2022,38,1,34,25,28,6
20-02-2022,32,29,20,21,22,12
27-02-2022,15,7,27,31,32,6
03-03-2022,10,25,2,3,7,1
06-03-2022,7,45,4,3,2,7
06-03-2022,13,1,12,14,20,1
10-03-2022,20,7,1,45,24,17
13-03-2022,37,28,5,32,2,11
17-03-2022,3,6,41,29,24,9
20-03-2022,17,8,1,21,19,1
24-03-2022,4,41,22,11,33,8
27-03-2022,15,38,41,17,6,5
31-03-2022,14,22,30,20,12,9
03-04-2022,21,36,22,23,45,20
07-04-2022,39,19,13,3,36,9
10-04-2022,21,7,43,5,35,4
14-04-2022,42,40,8,4,10,10
17-04-2022,26,2,19,20,8,16
23-04-2022,35,37,44,13,3,3
28-04-2022,35,6,16,26,43,5
01-05-2022,38,10,14,45,16,11
05-05-2022,30,2,4,38,29,12
08-05-2022,8,41,28,36,21,16
12-05-2022,18,14,44,9,31,15
15-05-2022,26,42,35,20,13,12
19-05-2022,34,42,24,17,39,15
22-05-2022,20,23,37,24,35,19
26-05-2022,21,16,3,2,39,17
29-05-2022,45,44,21,10,39,8
02-06-2022,23,14,3,20,28,9
05-06-2022,22,10,28,17,19,7
09-06-2022,10,11,45,21,1,6
12-06-2022,34,43,25,23,31,19
16-06-2022,17,19,31,43,10,9
19-06-2022,14,23,15,10,36,16
23-06-2022,22,3,45,21,10,15
26-06-2022,7,25,26,12,18,2
30-06-2022,26,14,22,7,19,17
03-07-2022,28,2,7,20,5,9
07-07-2022,14,7,6,8,37,13
10-07-2022,2,4,39,26,20,7
14-07-2022,39,29,20,18,41,16
17-07-2022,43,40,33,7,4,16
21-07-2022,37,11,39,38,22,4
24-07-2022,22,5,13,23,20,19
28-07-2022,27,42,17,21,2,2
31-07-2022,14,44,28,31,25,13
04-08-2022,39,23,25,8,31,1
07-08-2022,41,8,45,3,34,7
11-08-2022,5,9,16,22,43,1
14-08-2022,9,1,41,13,3,2
18-08-2022,39,26,5,43,40,19
21-08-2022,8,32,1,43,5,11
25-08-2022,24,15,5,8,34,14
28-08-2022,31,18,39,20,13,2
01-09-2022,5,28,19,22,29,12
04-09-2022,21,40,16,38,44,6
08-09-2022,20,3,28,16,38,20
11-09-2022,2,42,37,3,44,1
11-09-2022,11,24,3,22,26,4
15-09-2022,17,34,15,3,33,9
18-09-2022,26,16,35,6,29,13
22-09-2022,16,1,26,25,43,15
25-09-2022,35,3,14,7,19,14
29-09-2022,14,33,38,28,26,20
02-10-2022,25,31,9,37,34,7
06-10-2022,40,5,28,7,36,10
09-10-2022,17,10,3,29,4,2
13-10-2022,14,31,24,39,12,13
16-10-2022,9,20,39,4,13,20
20-10-2022,29,34,42,16,45,10
23-10-2022,34,3,40,6,25,9
27-10-2022,25,6,15,8,34,1
30-10-2022,1,43,5,28,45,6
03-11-2022,28,26,42,15,36,15
06-11-2022,1,32,10,12,23,1
10-11-2022,40,38,13,44,31,10
13-11-2022,9,27,35,40,21,19
17-11-2022,16,27,4,26,29,16
20-11-2022,15,8,30,42,6,15
24-11-2022,45,1,28,8,39,17
27-11-2022,20,24,30,19,35,9
04-12-2022,8,19,41,17,18,8
08-12-2022,29,31,14,40,36,8
11-12-2022,28,27,13,19,2,19
15-12-2022,1,20,19,5,6,9
18-12-2022,1,28,44,8,29,15
24-12-2022,30,32,27,18,39,18
31-12-2022,3,35,30,16,11,19
31-12-2022,34,7,31,13,12,13
05-01-2023,10,26,21,36,35,18
08-01-2023,6,7,10,3,1,4
12-01-2023,7,44,20,37,3,13
15-01-2023,8,21,34,11,44,12
19-01-2023,6,9,38,14,45,12
22-01-2023,2,31,7,39,18,7
26-01-2023,44,19,14,2,20,11
29-01-2023,13,10,33,31,28,20
02-02-2023,16,13,2,3,7,15
05-02-2023,33,39,5,20,19,12
09-02-2023,28,19,30,9,20,9
12-02-2023,17,45,35,13,3,3
16-02-2023,19,44,36,20,4,20
19-02-2023,5,18,23,31,30,3
23-02-2023,37,15,6,8,11,17
26-02-2023,45,27,7,5,13,7
02-03-2023,11,8,38,7,31,9
05-03-2023,35,33,16,36,6,13
09-03-2023,30,18,43,22,14,16
12-03-2023,33,35,16,27,18,3
12-03-2023,29,6,43,28,23,17
16-03-2023,3,26,44,30,23,15
19-03-2023,45,6,10,15,2,19
23-03-2023,36,19,7,33,15,16
26-03-2023,5,25,3,28,29,12
30-03-2023,3,8,13,2,34,16
02-04-2023,27,22,24,35,40,10
06-04-2023,41,1,16,2,35,13
09-04-2023,29,23,10,20,2,18
15-04-2023,20,32,6,25,24,7
15-04-2023,19,44,5,40,3,18
20-04-2023,1,12,34,42,16,17
23-04-2023,24,33,12,26,16,8
27-04-2023,13,17,31,4,19,2
30-04-2023,14,36,23,7,16,15
04-05-2023,8,32,38,2,23,5
07-05-2023,10,42,18,23,19,4
11-05-2023,41,13,7,5,24,11
14-05-2023,18,12,2,28,14,10
18-05-2023,34,14,17,43,37,13
21-05-2023,14,32,31,38,22,7
25-05-2023,36,22,20,6,8,13
28-05-2023,31,12,1,13,8,14
01-06-2023,14,42,39,34,45,15
04-06-2023,37,32,45,17,29,2
08-06-2023,25,39,2,44,43,16
11-06-2023,19,14,41,34,21,4
15-06-2023,6,19,43,1,37,4
18-06-2023,18,3,45,10,44,11
22-06-2023,45,44,18,5,10,3
25-06-2023,1,4,29,11,45,15
29-06-2023,39,11,14,21,42,3
02-07-2023,42,1,6,34,45,17
06-07-2023,2,13,43,12,42,9
09-07-2023,17,18,30,26,37,19
13-07-2023,8,25,5,37,17,16
16-07-2023,25,16,23,28,36,2
20-07-2023,45,27,39,17,13,7
23-07-2023,33,1,13,8,10,20
27-07-2023,3,32,13,22,4,8
30-07-2023,17,26,23,4,41,20
03-08-2023,44,34,18,36,30,20
06-08-2023,2,34,27,44,45,20
10-08-2023,40,3,29,39,42,17
13-08-2023,28,36,39,11,34,3
17-08-2023,20,28,2,14,29,14
20-08-2023,44,7,41,40,30,11
24-08-2023,20,7,6,35,3,2
27-08-2023,22,7,33,4,34,16
31-08-2023,30,42,33,40,43,15
03-09-2023,23,27,43,14,29,14
07-09-2023,29,41,44,4,11,19
10-09-2023,44,25,13,23,39,6
14-09-2023,40,36,42,33,12,13
17-09-2023,3,11,26,12,8,6
17-09-2023,9,40,19,35,13,19
21-09-2023,30,34,7,28,10,6
24-09-2023,36,4,39,40,33,19
28-09-2023,11,33,9,20,35,16
01-10-2023,9,15,38,20,26,5
05-10-2023,22,8,32,34,10,19
08-10-2023,34,7,44,35,9,8
12-10-2023,3,17,4,5,19,4
15-10-2023,33,30,39,1,38,7
19-10-2023,37,42,27,7,36,4
22-10-2023,42,15,44,28,37,19
26-10-2023,42,34,21,23,36,12
29-10-2023,30,27,4,25,12,13
02-11-2023,38,12,8,44,7,12
05-11-2023,3,23,1,24,25,12
09-11-2023,29,27,35,15,6,16
12-11-2023,9,12,41,35,24,5
16-11-2023,3,2,4,39,28,17
19-11-2023,27,13,4,15,11,10
23-11-2023,27,41,2,26,36,11
26-11-2023,13,4,23,26,33,15
03-12-2023,4,12,14,19,29,6
03-12-2023,3,12,18,27,33,12
07-12-2023,12,29,10,16,37,17
10-12-2023,33,6,18,43,26,14
14-12-2023,19,5,2,44,29,14
17-12-2023,17,16,36,41,14,19
21-12-2023,16,29,1,9,24,8
24-12-2023,19,44,21,4,22,14
31-12-2023,13,43,35,37,6,18
31-12-2023,5,24,28,15,41,4
04-01-2024,3,14,26,41,7,8
07-01-2024,45,23,15,9,7,19
11-01-2024,30,27,37,24,28,10
14-01-2024,1,6,26,34,15,20
18-01-2024,32,18,17,3,15,17
21-01-2024,16,2,32,37,12,9
25-01-2024,22,33,26,12,15,15
28-01-2024,21,25,3,15,17,13
01-02-2024,35,7,15,23,26,8
04-02-2024,16,2,30,15,19,18
08-02-2024,25,19,39,32,34,17
11-02-2024,26,11,22,40,44,10
15-02-2024,43,19,23,17,31,2
18-02-2024,36,32,35,8,9,6
22-02-2024,23,27,26,7,33,10
25-02-2024,28,11,24,26,31,20
29-02-2024,1,18,21,29,14,13
03-03-2024,32,41,23,18,39,11
07-03-2024,29,27,7,6,8,18
10-03-2024,22,19,39,20,11,1
10-03-2024,29,20,4,2,37,14
14-03-2024,2,25,30,13,8,2
17-03-2024,35,11,10,33,7,12
21-03-2024,41,35,45,5,32,20
24-03-2024,28,3,26,45,10,2
28-03-2024,34,16,9,10,36,7
31-03-2024,26,28,24,20,32,13
04-04-2024,29,8,30,38,20,16
07-04-2024,33,18,19,25,10,16
11-04-2024,15,31,3,21,37,15
14-04-2024,22,39,18,19,36,9
18-04-2024,42,6,44,17,26,14
21-04-2024,26,14,11,1,12,18
25-04-2024,8,44,28,12,10,8
28-04-2024,35,37,24,34,27,2
04-05-2024,5,28,17,15,12,12
04-05-2024,41,40,34,15,2,12
09-05-2024,23,45,34,4,38,9
12-05-2024,5,14,8,37,40,7
16-05-2024,18,41,9,4,6,8
19-05-2024,6,19,33,28,45,15
23-05-2024,35,38,18,7,29,20
26-05-2024,38,32,45,28,9,8
30-05-2024,41,14,18,30,15,7
02-06-2024,34,24,13,1,23,3
06-06-2024,5,41,13,17,25,9
09-06-2024,13,31,28,32,29,18
13-06-2024,12,32,16,15,11,12
16-06-2024,24,19,37,22,6,16
20-06-2024,17,36,45,33,20,18
23-06-2024,1,36,28,16,10,16
27-06-2024,16,1,10,20,13,8
30-06-2024,9,26,41,1,7,1
04-07-2024,26,13,31,2,11,3
07-07-2024,8,39,40,12,20,2
11-07-2024,5,6,42,13,19,1
14-07-2024,43,7,36,23,45,10
18-07-2024,21,8,1,7,17,12
21-07-2024,12,41,14,36,9,9
25-07-2024,5,17,2,9,43,6
28-07-2024,17,25,36,13,35,13
01-08-2024,12,29,31,27,6,8
04-08-2024,35,42,3,12,30,3
08-08-2024,36,11,16,2,31,18
11-08-2024,5,37,7,10,40,16
15-08-2024,1,45,25,23,6,20
18-08-2024,30,26,1,36,29,13
22-08-2024,25,11,40,10,32,12
25-08-2024,28,45,18,27,15,20
29-08-2024,13,7,9,28,36,5
01-09-2024,17,35,41,44,45,16
05-09-2024,22,1,7,8,27,9
08-09-2024,9,35,45,33,27,5
12-09-2024,28,31,33,12,4,5
15-09-2024,17,41,14,23,16,6
15-09-2024,32,4,23,39,29,5
19-09-2024,15,40,33,19,41,6
22-09-2024,15,6,27,29,28,17
26-09-2024,29,20,27,31,36,4
29-09-2024,18,17,5,37,15,15
03-10-2024,15,25,22,31,17,10
06-10-2024,15,42,4,18,28,17
10-10-2024,19,4,22,12,35,8
13-10-2024,6,27,17,12,44,5
17-10-2024,6,30,23,26,7,7
20-10-2024,18,26,5,38,14,11
24-10-2024,24,1,17,39,36,15
27-10-2024,14,42,43,22,10,4
31-10-2024,14,30,38,44,2,2
03-11-2024,41,15,18,16,7,2
07-11-2024,26,13,30,16,38,7
10-11-2024,31,40,18,11,8,19
14-11-2024,14,5,13,45,6,4
17-11-2024,1,38,24,15,42,10
21-11-2024,11,43,13,39,21,6
24-11-2024,9,22,41,7,32,1
28-11-2024,38,7,36,6,5,3
01-12-2024,16,36,35,4,13,9
01-12-2024,37,44,29,11,20,7
05-12-2024,29,36,11,34,21,9
08-12-2024,44,24,3,1,13,9
12-12-2024,23,10,42,45,30,11
15-12-2024,2,37,30,19,35,15
19-12-2024,19,24,42,8,44,4
22-12-2024,22,24,10,15,37,20
31-12-2024,23,42,24,37,16,1
31-12-2024,38,25,17,7,23,17
05-01-2025,45,16,9,5,39,8
09-01-2025,39,29,44,5,34,14
12-01-2025,41,44,33,23,17,2
16-01-2025,8,42,33,34,16,6
19-01-2025,36,10,33,43,31,5
23-01-2025,2,31,29,33,1,15
27-01-2025,26,4,2,32,28,6
30-01-2025,14,24,30,18,37,8
02-02-2025,15,22,44,27,3,17
06-02-2025,16,45,9,6,19,7
09-02-2025,36,10,4,30,9,10
13-02-2025,18,6,28,23,45,14
16-02-2025,32,10,5,28,33,16
20-02-2025,6,29,16,7,33,10
23-02-2025,42,14,6,44,40,9
27-02-2025,8,23,30,38,32,7
02-03-2025,31,41,29,5,21,19
06-03-2025,33,3,41,38,27,19
09-03-2025,42,40,37,10,19,19
09-03-2025,25,6,32,16,33,19
13-03-2025,31,13,8,17,15,8
16-03-2025,23,6,5,3,8,7
20-03-2025,36,28,29,10,20,20
23-03-2025,13,5,43,41,18,1
27-03-2025,44,26,32,36,14,5
30-03-2025,35,5,22,4,16,1
03-04-2025,44,15,40,37,18,3
06-04-2025,13,43,35,21,33,17
10-04-2025,37,29,12,11,7,8
13-04-2025,16,40,18,32,29,8
19-04-2025,18,28,10,37,6,17
19-04-2025,35,9,3,8,34,3
24-04-2025,34,18,4,27,41,18
27-04-2025,6,28,43,37,15,18
01-05-2025,18,40,8,14,28,20
04-05-2025,24,35,21,5,45,11
08-05-2025,2,19,1,37,27,12
11-05-2025,43,39,35,38,31,1
15-05-2025,44,9,26,3,2,12
18-05-2025,30,26,44,3,27,13
22-05-2025,25,32,1,28,30,4
25-05-2025,19,34,12,15,11,10
29-05-2025,25,31,28,29,7,20
01-06-2025,41,24,36,28,10,4
05-06-2025,26,7,15,35,40,11
08-06-2025,29,44,8,7,12,15
12-06-2025,41,24,19,27,14,14
15-06-2025,43,27,4,30,13,4
19-06-2025,44,38,29,24,9,4
22-06-2025,10,16,42,22,38,16
26-06-2025,45,40,12,7,31,13
29-06-2025,16,26,35,18,21,19
03-07-2025,38,35,3,28,21,13
06-07-2025,45,42,14,26,4,4
10-07-2025,34,24,39,11,36,1
13-07-2025,18,17,24,42,39,9
17-07-2025,45,13,15,6,18,4
20-07-2025,7,24,29,1,33,13
24-07-2025,2,21,15,23,1,18
27-07-2025,21,31,8,38,22,15
31-07-2025,12,1,20,33,7,9
03-08-2025,35,14,26,41,24,6
07-08-2025,11,22,27,21,34,11
10-08-2025,37,44,5,36,8,18
14-08-2025,42,43,41,24,37,9
17-08-2025,23,12,25,35,17,14
21-08-2025,2,35,15,3,16,12
24-08-2025,34,20,40,32,29,5
28-08-2025,42,8,26,7,1,3
31-08-2025,40,6,20,19,1,3
04-09-2025,37,13,42,18,35,16
07-09-2025,12,6,41,43,4,5
11-09-2025,36,8,22,5,14,20
14-09-2025,32,38,5,29,34,12
14-09-2025,23,13,24,42,14,18
18-09-2025,22,38,32,24,5,13
21-09-2025,26,38,33,37,5,13
25-09-2025,17,26,36,13,8,12
28-09-2025,31,19,17,26,3,2
02-10-2025,15,4,23,3,10,19
05-10-2025,13,42,10,12,24,20
09-10-2025,31,12,21,26,22,18
12-10-2025,20,5,32,24,11,2
16-10-2025,5,11,9,10,43,17
19-10-2025,13,28,14,15,11,19
23-10-2025,39,19,2,37,4,5
26-10-2025,6,12,15,22,35,16
30-10-2025,12,17,28,4,37,15
02-11-2025,32,4,33,21,42,5
06-11-2025,29,12,26,40,20,11
09-11-2025,23,5,15,37,34,17
13-11-2025,20,14,24,31,34,18
16-11-2025,19,23,30,37,31,14
20-11-2025,40,41,1,43,23,19
23-11-2025,38,12,43,13,20,11
27-11-2025,3,9,4,17,42,13
30-11-2025,37,4,18,10,5,14
04-12-2025,17,4,29,24,20,12
07-12-2025,37,22,21,12,29,10
11-12-2025,11,12,22,5,25,18
14-12-2025,40,25,5,28,42,18
18-12-2025,44,29,27,41,34,9
21-12-2025,10,16,45,27,20,3
31-12-2025,25,22,43,10,39,13
31-12-2025,26,17,19,8,45,20
04-01-2026,37,10,30,5,8,1
08-01-2026,38,42,9,7,20,8
11-01-2026,29,42,45,21,3,6
15-01-2026,9,45,28,15,7,13
18-01-2026,24,21,33,4,41,19
22-01-2026,35,40,44,12,7,1
25-01-2026,3,18,37,29,23,15
29-01-2026,4,9,16,5,21,18
01-02-2026,25,45,26,38,14,19
05-02-2026,6,14,33,19,43,7
08-02-2026,1,2,36,23,21,6
12-02-2026,27,6,9,22,18,11
15-02-2026,26,43,5,18,7,18
19-02-2026,23,3,12,11,6,18
22-02-2026,38,28,35,14,10,2
26-02-2026,39,23,15,43,36,15
01-03-2026,17,18,5,31,24,11
05-03-2026,15,6,43,22,33,16
08-03-2026,18,24,41,16,20,10
08-03-2026,43,18,26,20,3,15
12-03-2026,19,20,24,7,28,10
15-03-2026,3,14,35,39,33,2
19-03-2026,22,8,40,9,33,15
22-03-2026,39,26,37,43,35,15
26-03-2026,29,3,17,33,7,8
29-03-2026,27,23,4,45,15,13
02-04-2026,21,11,6,2,43,14
05-04-2026,34,5,38,25,40,18
11-04-2026,12,41,43,10,38,6
11-04-2026,11,28,13,37,39,11
16-04-2026,43,36,32,39,10,13
19-04-2026,17,7,27,37,15,11
23-04-2026,3,14,17,31,28,3
26-04-2026,31,43,40,35,21,4
30-04-2026,30,39,41,1,19,9
03-05-2026,27,12,3,19,6,4
07-05-2026,26,37,18,3,1,7
10-05-2026,6,22,18,43,11,6
14-05-2026,5,24,9,37,11,11
17-05-2026,32,1,8,35,12,17
21-05-2026,45,2,15,7,20,13
24-05-2026,36,37,22,28,10,11
28-05-2026,10,19,3,45,20,10
31-05-2026,9,1,43,26,36,14
04-06-2026,36,37,1,40,42,18
07-06-2026,6,16,9,5,37,12
11-06-2026,28,30,10,24,40,8
14-06-2026,34,42,6,24,10,16
18-06-2026,38,28,3,40,17,11
21-06-2026,36,4,9,22,43,2
25-06-2026,35,23,8,19,1,2
28-06-2026,26,40,1,37,25,4
02-07-2026,5,10,24,32,39,12
05-07-2026,19,8,21,40,45,13
09-07-2026,10,18,22,29,23,18
12-07-2026,32,38,36,9,21,2
16-07-2026,1,20,28,33,13,6
19-07-2026,35,1,44,17,19,17
23-07-2026,12,4,22,6,7,10
