date,n1,n2,n3,n4,n5,n6
08-08-1993,38,17,47,25,30,37
15-08-1993,6,7,30,17,2,42
22-08-1993,44,20,17,3,38,45
29-08-1993,42,30,36,5,4,6
05-09-1993,5,14,7,49,35,19
12-09-1993,42,28,41,15,22,38
19-09-1993,18,4,16,35,2,17
03-10-1993,44,48,34,37,4,41
17-10-1993,13,7,6,45,29,25
24-10-1993,8,22,43,14,34,15
31-10-1993,14,17,47,19,36,12
14-11-1993,48,20,6,43,4,35
28-11-1993,37,36,17,35,15,8
12-12-1993,12,33,41,7,34,43
19-12-1993,49,15,46,25,12,32
16-01-1994,7,20,27,46,2,33
23-01-1994,39,5,6,19,20,2
30-01-1994,14,47,40,26,24,36
06-02-1994,45,10,18,43,35,11
13-02-1994,38,29,49,47,8,3
20-02-1994,16,42,33,4,38,7
13-03-1994,22,39,35,29,44,46
20-03-1994,34,9,10,19,2,47
27-03-1994,11,8,25,13,3,38
02-04-1994,38,49,36,20,19,5
10-04-1994,49,42,11,45,9,23
17-04-1994,23,46,1,35,2,22
24-04-1994,10,41,29,25,18,8
01-05-1994,19,7,16,18,6,49
08-05-1994,15,44,32,21,49,10
15-05-1994,29,32,38,24,11,15
22-05-1994,10,18,23,40,35,33
29-05-1994,37,10,44,27,47,48
05-06-1994,34,7,49,14,47,44
12-06-1994,43,49,4,36,24,26
19-06-1994,46,27,6,31,2,11
26-06-1994,27,14,3,43,22,42
03-07-1994,47,38,36,19,5,35
10-07-1994,41,4,39,13,24,33
17-07-1994,18,29,17,48,47,34
24-07-1994,33,29,31,23,41,6
31-07-1994,29,17,11,14,28,39
07-08-1994,35,16,8,47,46,36
14-08-1994,36,21,5,47,40,33
21-08-1994,25,31,46,39,1,22
28-08-1994,20,45,32,23,18,19
04-09-1994,29,27,44,43,30,46
11-09-1994,28,26,48,37,44,1
18-09-1994,1,15,9,45,44,14
25-09-1994,41,7,48,3,11,16
02-10-1994,5,8,48,2,28,25
09-10-1994,49,39,9,42,37,13
16-10-1994,10,7,45,2,8,20
23-10-1994,48,38,15,45,12,42
30-10-1994,4,33,17,45,13,39
06-11-1994,16,11,12,14,15,38
13-11-1994,28,45,2,7,19,43
20-11-1994,25,23,41,40,27,34
27-11-1994,18,44,1,43,40,9
04-12-1994,3,31,1,28,15,12
11-12-1994,38,13,31,28,19,23
18-12-1994,49,31,10,43,37,12
02-01-1995,25,18,42,36,43,12
15-01-1995,20,44,18,48,19,28
22-01-1995,41,8,37,22,6,5
29-01-1995,41,36,18,23,27,10
05-02-1995,38,12,1,2,44,41
12-02-1995,1,31,16,4,33,18
19-02-1995,23,5,42,18,15,12
01-03-1995,12,49,23,18,5,28
05-03-1995,39,46,35,43,17,16
12-03-1995,36,37,24,48,10,5
19-03-1995,13,25,16,14,49,37
26-03-1995,4,35,39,22,11,46
02-04-1995,19,5,24,9,36,40
09-04-1995,3,22,13,5,35,6
16-04-1995,16,30,11,4,19,46
23-04-1995,34,28,48,32,4,20
30-04-1995,30,46,39,19,35,48
07-05-1995,36,4,12,20,7,39
14-05-1995,32,14,44,34,21,24
21-05-1995,29,43,24,8,17,18
28-05-1995,13,33,16,1,30,36
04-06-1995,42,35,5,26,37,25
11-06-1995,36,15,43,19,16,32
18-06-1995,38,34,9,24,25,36
25-06-1995,20,30,48,29,16,36
02-07-1995,43,47,34,4,8,48
09-07-1995,45,28,43,40,32,29
16-07-1995,31,26,16,10,23,43
23-07-1995,27,31,24,40,7,19
30-07-1995,32,25,21,6,27,14
06-08-1995,16,9,46,41,1,37
13-08-1995,24,33,25,44,42,28
20-08-1995,28,2,30,16,29,10
27-08-1995,45,40,16,6,32,38
03-09-1995,28,35,41,34,20,25
10-09-1995,10,17,28,32,27,35
17-09-1995,22,6,19,3,31,15
24-09-1995,31,7,9,40,26,14
01-10-1995,13,6,21,41,19,15
08-10-1995,45,28,2,34,26,7
15-10-1995,39,3,26,38,11,20
22-10-1995,28,2,43,47,12,19
29-10-1995,8,42,17,12,32,43
05-11-1995,10,12,36,42,18,1
12-11-1995,21,18,15,35,11,7
19-11-1995,21,1,9,16,37,42
26-11-1995,18,45,17,23,9,39
03-12-1995,39,46,40,41,9,23
10-12-1995,41,7,36,33,6,14
17-12-1995,5,14,10,9,3,15
02-01-1996,28,14,24,20,37,33
14-01-1996,4,32,2,20,7,35
21-01-1996,12,14,27,5,19,42
28-01-1996,7,38,43,18,5,12
04-02-1996,11,19,46,20,12,29
11-02-1996,30,16,5,22,15,21
18-02-1996,37,47,14,6,38,45
25-02-1996,19,10,45,17,47,23
03-03-1996,28,48,21,35,16,33
10-03-1996,45,18,12,25,9,22
17-03-1996,22,32,13,46,5,10
24-03-1996,40,34,7,46,41,27
31-03-1996,27,17,40,48,30,44
07-04-1996,25,38,3,9,46,47
14-04-1996,21,38,36,31,15,11
21-04-1996,5,25,42,46,26,15
28-04-1996,25,10,18,8,31,44
05-05-1996,4,14,13,32,35,19
12-05-1996,11,16,22,35,20,23
19-05-1996,14,38,34,49,37,42
26-05-1996,10,29,21,19,31,26
02-06-1996,44,23,49,43,15,16
09-06-1996,1,35,27,9,14,36
16-06-1996,49,40,23,16,26,24
23-06-1996,15,22,19,2,29,31
30-06-1996,33,14,41,2,46,21
07-07-1996,41,8,9,12,2,44
14-07-1996,27,6,9,13,43,18
21-07-1996,36,10,37,16,23,46
28-07-1996,39,32,25,17,9,42
04-08-1996,8,40,48,15,17,14
11-08-1996,14,46,16,49,17,1
18-08-1996,29,28,1,5,48,47
25-08-1996,44,1,25,20,46,34
01-09-1996,36,13,19,15,11,3
08-09-1996,20,39,30,1,32,2
15-09-1996,20,5,1,8,36,7
22-09-1996,18,4,3,37,35,25
29-09-1996,28,4,8,29,32,20
06-10-1996,36,13,47,27,44,7
13-10-1996,27,23,31,34,17,25
20-10-1996,7,2,43,42,13,5
27-10-1996,40,20,17,39,34,9
03-11-1996,16,48,49,45,34,15
10-11-1996,34,22,24,12,10,37
17-11-1996,23,32,46,6,27,14
24-11-1996,3,15,13,35,36,5
01-12-1996,21,45,5,7,37,48
08-12-1996,47,20,3,16,33,35
15-12-1996,31,15,38,46,23,10
22-12-1996,35,48,49,23,14,29
02-01-1997,26,25,23,5,13,35
12-01-1997,2,24,20,18,10,29
19-01-1997,9,43,42,33,12,23
26-01-1997,24,27,23,33,18,29
02-02-1997,17,11,1,20,13,23
09-02-1997,7,48,43,4,17,45
16-02-1997,18,17,28,8,20,5
23-02-1997,39,18,33,15,20,23
02-03-1997,42,36,6,10,17,16
09-03-1997,29,27,37,38,1,12
16-03-1997,12,9,23,46,19,37
23-03-1997,5,13,33,37,16,22
30-03-1997,5,11,28,18,39,27
06-04-1997,5,49,22,8,24,16
13-04-1997,1,41,6,25,31,14
20-04-1997,25,3,8,24,2,27
29-04-1997,1,13,45,20,21,12
04-05-1997,43,33,42,46,17,7
11-05-1997,31,45,16,29,32,28
18-05-1997,20,26,42,36,49,9
25-05-1997,14,15,11,46,41,16
01-06-1997,19,23,32,18,36,15
08-06-1997,26,37,30,27,23,39
15-06-1997,45,17,14,29,39,27
22-06-1997,46,43,9,40,4,34
29-06-1997,38,35,48,9,34,37
06-07-1997,23,16,17,9,15,26
13-07-1997,33,32,9,1,42,3
20-07-1997,14,28,10,24,2,11
27-07-1997,4,44,20,10,7,11
03-08-1997,24,42,2,30,26,28
10-08-1997,2,48,9,34,42,8
17-08-1997,46,37,3,43,34,30
24-08-1997,46,13,48,29,39,3
31-08-1997,38,49,22,34,46,14
07-09-1997,19,46,13,9,15,14
14-09-1997,40,21,47,2,31,45
21-09-1997,20,26,43,17,41,38
28-09-1997,43,17,22,20,34,23
05-10-1997,25,19,12,45,49,5
12-10-1997,48,1,43,32,26,24
19-10-1997,41,42,13,4,3,49
26-10-1997,26,10,4,36,25,46
02-11-1997,30,1,46,28,48,45
09-11-1997,30,3,37,5,20,2
16-11-1997,31,22,29,13,15,21
23-11-1997,38,6,34,35,15,46
30-11-1997,30,1,42,3,18,49
07-12-1997,4,16,39,29,45,11
14-12-1997,27,42,31,6,9,21
21-12-1997,24,12,46,6,26,27
04-01-1998,17,23,5,35,34,24
11-01-1998,27,32,20,28,29,12
18-01-1998,16,33,21,8,23,43
25-01-1998,26,46,1,27,30,13
01-02-1998,23,10,48,44,19,18
08-02-1998,42,2,4,21,1,29
15-02-1998,5,33,36,31,39,46
22-02-1998,24,35,23,7,15,38
01-03-1998,17,34,11,2,45,30
08-03-1998,33,14,49,46,36,45
15-03-1998,49,35,33,24,36,43
22-03-1998,4,48,27,26,30,44
29-03-1998,39,13,23,4,8,29
05-04-1998,8,7,18,25,41,12
12-04-1998,47,11,25,15,40,7
21-04-1998,9,26,43,5,7,24
26-04-1998,22,1,45,34,15,26
03-05-1998,33,22,49,31,35,10
10-05-1998,43,40,48,5,11,29
17-05-1998,21,44,13,5,9,41
24-05-1998,20,8,43,46,48,26
31-05-1998,11,33,46,15,4,44
07-06-1998,44,32,45,21,31,37
14-06-1998,33,43,5,29,47,21
21-06-1998,16,5,17,13,4,28
28-06-1998,48,30,15,22,5,35
05-07-1998,21,43,17,14,12,11
12-07-1998,16,22,13,20,6,1
19-07-1998,9,18,11,49,21,29
26-07-1998,28,5,8,17,13,24
02-08-1998,39,29,15,33,23,7
09-08-1998,47,29,36,42,25,20
16-08-1998,34,25,3,43,33,6
23-08-1998,15,23,21,29,44,6
30-08-1998,49,18,30,10,22,27
06-09-1998,15,27,35,17,7,44
13-09-1998,22,44,42,10,14,49
20-09-1998,20,3,9,39,24,11
27-09-1998,18,3,26,16,13,5
04-10-1998,40,45,24,33,13,9
11-10-1998,13,18,32,38,46,26
18-10-1998,22,13,42,36,26,38
25-10-1998,31,43,44,13,32,16
01-11-1998,6,19,36,25,2,32
08-11-1998,7,48,17,26,10,15
15-11-1998,13,34,39,28,15,37
22-11-1998,12,37,4,30,46,36
29-11-1998,30,22,19,34,32,15
06-12-1998,25,16,27,33,26,22
13-12-1998,28,8,43,31,18,24
20-12-1998,19,36,48,23,41,29
03-01-1999,13,12,18,38,25,33
10-01-1999,11,36,41,38,43,18
17-01-1999,12,45,25,18,30,21
24-01-1999,37,10,35,41,20,43
31-01-1999,23,28,36,3,2,38
07-02-1999,37,43,38,36,40,20
14-02-1999,35,17,48,45,36,1
21-02-1999,38,40,43,33,32,29
28-02-1999,10,15,3,43,37,28
07-03-1999,13,26,45,2,11,31
14-03-1999,48,24,29,23,7,32
21-03-1999,47,9,41,2,30,10
28-03-1999,30,17,49,27,3,5
04-04-1999,11,31,35,18,7,22
13-04-1999,17,26,1,29,6,10
18-04-1999,49,29,45,31,39,26
25-04-1999,8,42,6,47,2,20
02-05-1999,3,24,27,29,26,23
09-05-1999,24,2,13,30,26,27
16-05-1999,36,33,26,3,10,14
23-05-1999,26,33,38,30,3,23
30-05-1999,44,20,25,16,31,24
06-06-1999,23,17,9,44,11,31
13-06-1999,49,26,24,19,11,15
20-06-1999,18,6,32,30,24,40
27-06-1999,49,27,26,41,16,31
04-07-1999,12,13,15,38,43,34
11-07-1999,24,8,10,13,28,44
18-07-1999,14,20,24,9,4,39
25-07-1999,16,20,39,49,28,22
01-08-1999,48,25,2,22,31,43
08-08-1999,21,34,18,32,35,10
15-08-1999,30,27,9,40,44,7
22-08-1999,49,16,6,43,36,9
29-08-1999,14,23,22,30,6,15
05-09-1999,12,46,49,47,35,45
12-09-1999,46,17,8,26,15,23
19-09-1999,33,37,19,47,22,26
26-09-1999,49,46,26,12,22,39
03-10-1999,13,19,33,42,3,28
10-10-1999,18,24,17,46,41,12
17-10-1999,45,48,33,5,9,15
24-10-1999,35,47,6,20,5,45
31-10-1999,27,38,34,11,5,47
07-11-1999,36,40,8,33,5,49
14-11-1999,25,47,43,6,18,20
21-11-1999,6,23,2,43,13,40
28-11-1999,31,10,39,11,35,29
05-12-1999,18,38,41,33,6,7
12-12-1999,39,38,26,24,18,16
19-12-1999,31,37,32,38,22,13
26-12-1999,12,32,4,30,41,33
02-01-2000,13,8,15,2,1,37
09-01-2000,33,29,39,17,41,13
16-01-2000,16,7,22,13,1,6
23-01-2000,46,41,17,6,29,2
30-01-2000,14,4,13,34,12,40
06-02-2000,8,12,42,6,20,29
13-02-2000,2,47,23,48,33,8
20-02-2000,23,44,6,5,45,11
27-02-2000,23,12,36,38,41,17
05-03-2000,8,48,28,23,7,17
12-03-2000,36,49,16,2,47,19
19-03-2000,23,37,42,47,21,48
26-03-2000,30,11,23,1,6,43
02-04-2000,5,10,25,18,35,27
09-04-2000,3,31,22,35,40,18
16-04-2000,43,34,7,30,28,3
23-04-2000,3,20,45,42,11,31
30-04-2000,19,30,33,31,1,41
07-05-2000,30,37,33,34,29,16
14-05-2000,5,4,27,3,41,37
21-05-2000,25,28,39,40,17,37
28-05-2000,12,6,46,37,47,17
04-06-2000,49,23,13,10,8,38
11-06-2000,45,7,36,24,21,25
18-06-2000,48,9,32,20,17,6
25-06-2000,4,3,13,31,34,49
02-07-2000,29,43,36,4,30,47
09-07-2000,11,16,27,3,45,4
16-07-2000,11,40,47,22,9,48
23-07-2000,4,23,20,2,14,43
30-07-2000,45,23,16,35,24,1
06-08-2000,12,18,29,49,9,11
13-08-2000,35,47,26,16,18,48
20-08-2000,34,35,25,2,8,10
27-08-2000,1,36,38,29,15,21
03-09-2000,33,22,3,2,34,11
10-09-2000,17,29,14,46,11,23
17-09-2000,4,12,47,26,11,17
24-09-2000,20,18,10,38,22,41
01-10-2000,15,33,23,9,47,24
08-10-2000,30,25,1,5,18,9
15-10-2000,13,4,11,8,9,27
22-10-2000,15,14,36,21,11,9
29-10-2000,44,9,7,34,33,29
05-11-2000,23,32,37,27,46,39
12-11-2000,37,20,21,32,6,44
19-11-2000,3,46,26,36,17,10
26-11-2000,46,36,47,6,25,38
03-12-2000,31,47,29,40,7,5
10-12-2000,17,36,45,47,19,10
17-12-2000,27,21,31,4,19,35
24-12-2000,13,16,34,15,17,9
02-01-2001,16,46,18,15,25,31
07-01-2001,18,47,45,20,9,39
14-01-2001,30,7,2,32,49,12
21-01-2001,40,14,13,26,19,32
28-01-2001,7,11,20,10,32,21
04-02-2001,14,24,39,21,36,43
11-02-2001,39,15,20,16,21,19
18-02-2001,34,6,32,29,4,19
25-02-2001,32,4,1,40,38,25
04-03-2001,8,38,27,16,19,40
11-03-2001,42,7,14,15,21,12
18-03-2001,22,36,2,41,1,9
25-03-2001,9,26,7,39,18,15
01-04-2001,43,32,30,16,48,15
08-04-2001,43,44,36,23,34,21
15-04-2001,5,6,9,44,8,34
22-04-2001,6,36,14,18,19,21
29-04-2001,46,38,12,41,30,10
06-05-2001,34,17,44,13,47,12
13-05-2001,24,33,3,37,26,32
20-05-2001,3,41,47,14,23,8
27-05-2001,19,47,28,38,29,9
03-06-2001,10,3,9,39,12,14
10-06-2001,19,22,16,17,42,33
17-06-2001,12,24,28,44,17,39
24-06-2001,43,44,48,3,46,41
01-07-2001,49,17,41,13,27,8
08-07-2001,18,42,8,23,21,22
15-07-2001,1,42,36,29,25,30
22-07-2001,30,40,42,22,19,13
29-07-2001,12,2,47,23,34,32
05-08-2001,30,43,22,13,49,32
12-08-2001,45,26,47,22,18,17
19-08-2001,34,41,33,47,23,35
26-08-2001,27,16,10,21,22,38
02-09-2001,2,1,13,42,25,3
09-09-2001,6,8,40,41,43,9
16-09-2001,26,23,29,41,15,39
23-09-2001,28,33,18,16,45,9
30-09-2001,35,47,40,37,15,39
07-10-2001,18,15,33,41,49,46
14-10-2001,31,45,44,27,20,42
21-10-2001,44,45,29,1,37,21
28-10-2001,41,18,33,39,35,28
04-11-2001,4,23,32,10,30,13
11-11-2001,2,37,1,33,40,23
18-11-2001,16,21,23,25,15,3
25-11-2001,39,22,49,33,40,30
02-12-2001,43,25,16,30,32,27
09-12-2001,46,4,24,22,2,40
16-12-2001,23,34,48,42,33,19
23-12-2001,29,40,8,2,22,1
02-01-2002,14,18,29,47,28,6
06-01-2002,26,39,6,25,14,16
13-01-2002,10,31,33,43,45,41
20-01-2002,24,29,35,5,43,30
27-01-2002,13,49,47,15,5,35
03-02-2002,4,30,39,14,20,42
10-02-2002,43,32,39,42,36,14
17-02-2002,22,36,47,34,16,3
24-02-2002,32,6,17,36,30,27
03-03-2002,38,49,48,32,26,24
10-03-2002,11,27,41,14,7,22
17-03-2002,5,34,47,45,9,1
24-03-2002,44,10,21,37,36,24
31-03-2002,24,47,32,33,44,22
07-04-2002,47,13,4,44,39,29
14-04-2002,14,48,5,9,11,34
21-04-2002,22,21,25,2,1,49
28-04-2002,38,3,6,12,43,40
05-05-2002,7,35,48,47,40,17
12-05-2002,44,45,36,32,33,28
19-05-2002,1,42,7,4,9,10
26-05-2002,47,19,38,1,48,21
02-06-2002,2,27,19,6,10,30
09-06-2002,31,25,29,10,20,24
16-06-2002,33,45,22,39,14,27
23-06-2002,41,47,12,5,31,18
30-06-2002,34,27,33,48,41,49
07-07-2002,6,36,1,18,34,33
14-07-2002,29,5,21,6,10,38
21-07-2002,41,5,28,39,47,9
28-07-2002,1,20,36,11,3,28
04-08-2002,29,21,14,32,46,23
11-08-2002,6,48,9,12,36,10
18-08-2002,44,28,47,15,7,38
25-08-2002,19,18,28,8,22,31
01-09-2002,4,16,37,20,1,43
08-09-2002,31,48,45,47,6,17
15-09-2002,36,15,14,8,38,12
22-09-2002,33,7,43,29,13,37
29-09-2002,21,14,3,44,4,24
06-10-2002,27,35,7,20,6,24
13-10-2002,48,38,25,6,37,22
20-10-2002,15,30,44,17,5,48
27-10-2002,38,15,44,13,11,41
03-11-2002,27,46,11,17,49,21
10-11-2002,24,22,9,47,8,38
17-11-2002,6,44,27,29,24,47
24-11-2002,27,24,7,17,34,4
01-12-2002,30,24,32,37,16,3
08-12-2002,8,2,5,14,10,25
15-12-2002,15,32,11,38,18,41
22-12-2002,6,47,44,11,22,8
31-12-2002,8,42,32,41,16,3
12-01-2003,38,8,23,24,27,1
19-01-2003,45,2,30,24,23,28
26-01-2003,38,36,16,26,18,41
02-02-2003,35,26,49,45,40,22
09-02-2003,31,6,37,18,10,16
16-02-2003,7,26,47,48,24,33
23-02-2003,12,19,23,37,42,14
02-03-2003,9,18,46,6,10,28
09-03-2003,20,38,15,33,30,8
16-03-2003,33,28,13,31,45,18
23-03-2003,43,14,19,31,15,18
30-03-2003,29,31,46,3,2,21
06-04-2003,29,28,7,12,43,40
13-04-2003,39,12,5,19,41,38
20-04-2003,2,38,23,48,8,12
27-04-2003,26,45,13,39,35,11
04-05-2003,10,48,32,47,13,44
11-05-2003,8,13,14,9,22,21
18-05-2003,15,2,8,9,44,36
25-05-2003,2,20,29,47,4,12
01-06-2003,29,33,16,14,1,48
08-06-2003,14,30,13,38,39,9
15-06-2003,17,41,44,34,30,24
22-06-2003,14,37,46,38,27,10
29-06-2003,12,15,18,33,45,40
06-07-2003,36,25,20,12,48,43
13-07-2003,45,15,20,22,41,25
20-07-2003,5,4,24,34,9,8
27-07-2003,33,30,2,23,32,17
03-08-2003,48,1,14,17,12,44
10-08-2003,14,49,47,6,24,39
17-08-2003,30,23,15,9,5,48
24-08-2003,7,5,4,40,48,28
31-08-2003,29,24,40,38,17,33
07-09-2003,47,2,5,1,45,15
14-09-2003,36,9,4,41,28,13
21-09-2003,46,14,16,2,22,19
28-09-2003,46,49,1,17,42,23
05-10-2003,27,42,3,13,46,38
12-10-2003,43,28,9,24,2,18
19-10-2003,16,13,24,43,26,4
26-10-2003,14,48,20,37,38,5
02-11-2003,6,40,46,45,30,29
09-11-2003,40,18,46,22,41,45
16-11-2003,18,2,3,33,27,21
23-11-2003,19,17,27,3,31,15
30-11-2003,4,32,9,29,11,10
07-12-2003,12,45,42,27,23,20
14-12-2003,27,42,44,24,41,2
21-12-2003,36,17,8,37,44,20
04-01-2004,3,2,35,45,37,31
11-01-2004,32,36,28,11,24,25
18-01-2004,34,12,11,26,42,13
25-01-2004,6,20,9,10,49,43
01-02-2004,14,42,37,40,31,6
08-02-2004,5,33,3,48,6,15
15-02-2004,38,6,31,33,8,7
22-02-2004,12,7,32,10,13,22
29-02-2004,23,10,13,17,30,20
07-03-2004,40,47,27,34,16,8
14-03-2004,26,21,41,36,44,12
21-03-2004,34,3,39,4,27,37
28-03-2004,17,10,46,11,13,19
04-04-2004,38,45,5,15,24,1
11-04-2004,28,9,24,17,5,12
18-04-2004,35,12,42,44,14,40
25-04-2004,13,15,6,29,3,11
02-05-2004,31,39,32,6,49,46
09-05-2004,11,9,6,32,41,38
16-05-2004,33,8,43,24,7,36
23-05-2004,24,44,27,5,41,6
30-05-2004,23,19,36,21,37,38
06-06-2004,30,1,7,20,28,29
13-06-2004,10,23,37,12,14,9
20-06-2004,3,49,48,27,28,2
27-06-2004,37,13,32,31,49,29
04-07-2004,36,4,12,17,8,5
11-07-2004,18,17,36,5,11,23
18-07-2004,32,3,46,36,27,13
25-07-2004,30,26,44,5,14,8
01-08-2004,27,49,32,6,48,25
08-08-2004,9,44,19,37,25,2
15-08-2004,43,13,32,31,22,1
22-08-2004,20,9,12,41,27,42
29-08-2004,40,32,23,30,49,1
05-09-2004,16,28,4,26,1,34
12-09-2004,48,20,49,2,3,19
19-09-2004,27,43,42,1,3,28
26-09-2004,8,36,37,11,29,48
03-10-2004,42,29,6,13,44,22
10-10-2004,28,10,46,40,25,24
17-10-2004,44,14,10,3,22,16
24-10-2004,17,19,44,23,26,16
31-10-2004,29,7,46,12,6,11
07-11-2004,31,37,17,49,29,43
14-11-2004,33,29,40,21,16,11
21-11-2004,4,30,2,49,34,32
28-11-2004,30,45,24,26,36,19
05-12-2004,15,11,23,22,26,12
12-12-2004,29,14,43,7,36,4
19-12-2004,28,16,15,26,44,36
02-01-2005,4,35,34,1,30,9
09-01-2005,11,6,17,3,49,31
16-01-2005,30,19,48,42,17,13
23-01-2005,29,12,21,46,33,5
30-01-2005,3,34,5,39,21,16
06-02-2005,29,20,26,25,24,48
13-02-2005,41,46,36,14,17,21
20-02-2005,46,21,39,2,24,30
27-02-2005,12,47,33,4,41,3
06-03-2005,13,24,15,36,10,32
13-03-2005,19,47,22,20,30,48
20-03-2005,37,3,17,32,31,26
27-03-2005,14,16,18,7,35,38
03-04-2005,14,29,24,15,3,22
10-04-2005,9,14,34,44,37,8
17-04-2005,36,4,27,1,39,43
24-04-2005,35,33,32,47,11,29
01-05-2005,3,44,33,12,26,43
08-05-2005,45,15,47,41,28,7
15-05-2005,48,14,41,20,24,17
22-05-2005,48,17,39,43,10,29
29-05-2005,21,31,34,32,47,4
05-06-2005,42,11,17,44,22,3
12-06-2005,4,20,45,30,38,19
19-06-2005,14,49,26,31,36,38
26-06-2005,44,30,23,39,29,34
03-07-2005,41,15,44,3,23,40
10-07-2005,39,2,48,12,20,37
17-07-2005,12,26,1,35,2,19
24-07-2005,45,26,8,1,19,42
31-07-2005,17,40,28,8,1,29
07-08-2005,15,48,12,13,10,11
14-08-2005,34,32,1,16,37,5
21-08-2005,9,28,23,21,16,27
28-08-2005,23,12,14,31,16,1
04-09-2005,13,27,34,29,15,24
11-09-2005,2,28,1,41,20,42
18-09-2005,12,29,6,11,40,36
25-09-2005,45,1,11,3,27,48
02-10-2005,11,46,7,26,8,27
09-10-2005,36,2,37,44,41,22
16-10-2005,36,15,43,7,38,41
23-10-2005,16,29,28,33,6,24
30-10-2005,43,13,29,30,23,18
06-11-2005,24,44,41,5,49,2
13-11-2005,35,17,18,44,26,39
20-11-2005,24,42,13,44,2,9
27-11-2005,35,49,33,8,3,20
04-12-2005,14,29,41,13,46,25
11-12-2005,20,10,4,49,22,7
18-12-2005,15,36,37,1,47,17
01-01-2006,15,41,35,17,7,20
08-01-2006,49,14,33,1,42,34
15-01-2006,13,24,43,28,22,29
22-01-2006,3,37,34,41,43,9
29-01-2006,12,25,49,18,11,6
05-02-2006,25,23,15,48,37,36
12-02-2006,35,43,20,18,39,25
19-02-2006,36,1,31,33,43,46
26-02-2006,43,25,49,32,18,33
05-03-2006,34,12,43,31,5,15
12-03-2006,31,42,46,30,14,44
19-03-2006,30,35,3,42,6,46
26-03-2006,15,27,19,18,11,16
02-04-2006,7,29,3,16,21,34
09-04-2006,34,49,18,17,41,45
16-04-2006,27,39,10,34,19,28
23-04-2006,18,43,30,39,31,20
30-04-2006,37,48,28,45,11,46
07-05-2006,8,28,41,48,26,44
14-05-2006,12,4,45,3,43,25
21-05-2006,34,48,29,36,13,1
28-05-2006,2,30,29,6,23,45
04-06-2006,27,10,19,42,46,12
11-06-2006,20,35,13,10,41,31
18-06-2006,4,13,2,8,24,11
25-06-2006,44,45,10,35,39,28
02-07-2006,39,40,41,38,30,5
09-07-2006,34,13,32,41,18,26
16-07-2006,1,25,36,22,10,11
23-07-2006,5,26,21,28,48,33
30-07-2006,40,47,8,6,29,37
06-08-2006,26,33,23,32,18,13
13-08-2006,2,45,20,48,21,12
20-08-2006,44,36,2,21,9,13
27-08-2006,16,26,31,40,37,33
03-09-2006,20,6,22,48,23,19
10-09-2006,20,34,1,13,30,38
17-09-2006,4,23,21,32,3,37
24-09-2006,29,13,36,22,16,47
01-10-2006,13,19,49,33,39,16
08-10-2006,24,34,16,18,41,2
15-10-2006,35,8,46,41,5,37
22-10-2006,1,35,47,20,25,46
29-10-2006,20,29,34,4,27,9
05-11-2006,25,47,42,43,29,5
12-11-2006,15,41,22,38,18,20
19-11-2006,3,41,35,26,34,21
26-11-2006,17,40,28,29,1,19
03-12-2006,2,4,3,12,29,20
10-12-2006,39,11,48,26,33,30
17-12-2006,46,19,16,48,12,3
31-12-2006,46,29,8,15,36,10
07-01-2007,31,41,37,10,46,25
14-01-2007,39,43,21,9,7,22
21-01-2007,27,30,47,20,48,10
28-01-2007,49,8,26,37,2,36
04-02-2007,28,6,33,8,42,20
11-02-2007,13,7,1,5,11,27
18-02-2007,5,38,35,48,32,15
25-02-2007,5,24,13,28,42,14
04-03-2007,15,41,29,45,17,22
11-03-2007,41,35,13,1,20,12
18-03-2007,5,21,18,45,30,42
25-03-2007,42,44,17,9,23,7
01-04-2007,44,49,43,19,10,21
08-04-2007,10,38,40,45,26,44
15-04-2007,35,28,6,12,15,27
22-04-2007,6,49,16,36,35,17
29-04-2007,31,28,36,48,15,39
06-05-2007,41,12,22,11,30,44
13-05-2007,16,1,44,26,4,19
20-05-2007,36,26,42,1,30,18
27-05-2007,17,13,21,40,25,42
03-06-2007,16,44,5,39,14,15
10-06-2007,48,22,18,20,34,3
17-06-2007,25,10,26,30,5,48
24-06-2007,28,18,11,24,31,39
01-07-2007,29,39,15,14,23,9
08-07-2007,8,41,46,12,4,17
15-07-2007,36,41,44,46,48,10
22-07-2007,24,47,46,30,9,23
29-07-2007,43,19,13,46,38,42
05-08-2007,44,4,38,28,37,35
12-08-2007,42,43,18,47,46,44
19-08-2007,46,34,45,3,19,30
26-08-2007,46,35,42,1,2,34
02-09-2007,45,43,44,9,11,31
09-09-2007,1,25,22,34,11,24
16-09-2007,34,25,41,43,9,5
23-09-2007,45,40,28,25,46,32
30-09-2007,25,41,39,42,20,23
07-10-2007,2,42,31,17,48,12
14-10-2007,30,43,32,24,17,33
21-10-2007,27,42,21,43,11,16
28-10-2007,47,10,15,12,44,23
04-11-2007,28,48,12,41,3,42
11-11-2007,26,2,47,48,5,18
18-11-2007,33,28,21,46,19,10
25-11-2007,15,31,40,21,33,8
02-12-2007,4,23,6,26,9,25
09-12-2007,14,38,46,45,15,20
16-12-2007,16,10,41,29,40,24
30-12-2007,4,15,42,14,12,40
06-01-2008,26,7,48,12,24,11
13-01-2008,33,35,23,12,19,25
20-01-2008,29,40,45,26,4,46
27-01-2008,36,6,47,24,20,2
03-02-2008,29,7,34,45,13,28
10-02-2008,25,9,27,47,2,12
17-02-2008,11,27,35,48,42,31
24-02-2008,32,47,42,29,26,9
02-03-2008,9,35,39,12,46,18
09-03-2008,21,45,29,15,26,27
16-03-2008,27,13,16,35,45,11
23-03-2008,23,1,30,6,20,46
30-03-2008,42,45,43,5,31,46
06-04-2008,5,19,25,47,45,38
13-04-2008,16,17,5,11,26,39
20-04-2008,20,10,38,24,5,19
27-04-2008,19,11,36,35,43,30
04-05-2008,35,4,30,26,47,3
11-05-2008,45,19,16,33,38,26
18-05-2008,28,30,9,22,41,4
25-05-2008,4,9,3,49,39,19
01-06-2008,22,10,31,6,23,8
08-06-2008,17,8,32,25,6,33
15-06-2008,32,26,5,34,19,3
22-06-2008,35,36,25,32,10,48
29-06-2008,41,6,17,21,12,35
06-07-2008,5,19,2,18,7,20
13-07-2008,13,12,3,31,2,37
20-07-2008,7,9,43,47,42,31
27-07-2008,9,20,33,38,41,4
03-08-2008,8,9,48,5,18,46
10-08-2008,7,9,37,35,8,46
17-08-2008,35,46,34,47,41,37
24-08-2008,3,22,21,15,10,41
31-08-2008,38,4,26,12,20,13
07-09-2008,27,18,2,1,39,45
14-09-2008,5,21,34,14,11,35
21-09-2008,38,22,14,37,19,23
28-09-2008,16,17,24,21,48,32
05-10-2008,13,25,8,21,37,44
12-10-2008,1,48,24,4,33,3
19-10-2008,34,13,33,29,7,49
26-10-2008,18,34,32,40,49,46
02-11-2008,6,8,37,27,39,5
09-11-2008,10,22,2,33,45,11
16-11-2008,12,30,36,14,4,45
23-11-2008,5,27,6,8,30,48
30-11-2008,36,14,4,13,1,29
07-12-2008,41,22,13,34,3,27
14-12-2008,49,34,7,8,33,16
28-12-2008,36,39,22,7,8,28
18-01-2009,37,43,41,11,20,7
25-01-2009,14,29,39,5,4,23
01-02-2009,44,21,7,1,41,34
08-02-2009,33,6,25,5,31,49
15-02-2009,15,23,9,5,25,28
22-02-2009,3,9,20,39,15,46
01-03-2009,41,18,11,34,30,21
08-03-2009,48,20,26,24,1,9
15-03-2009,2,38,29,7,48,26
22-03-2009,14,47,21,27,39,45
29-03-2009,44,17,7,35,38,16
05-04-2009,37,15,22,8,36,2
12-04-2009,32,22,3,35,29,17
19-04-2009,38,28,1,2,36,42
26-04-2009,27,48,19,2,39,25
03-05-2009,25,38,34,6,4,15
10-05-2009,38,28,13,14,6,33
17-05-2009,11,24,46,30,38,19
24-05-2009,3,6,27,20,29,48
31-05-2009,12,28,36,24,38,22
07-06-2009,15,44,19,7,37,30
14-06-2009,3,10,24,48,13,47
21-06-2009,25,21,46,26,28,11
28-06-2009,31,10,16,33,38,8
02-07-2009,9,45,10,35,43,13
05-07-2009,44,39,18,2,41,22
09-07-2009,3,19,39,37,6,4
12-07-2009,25,4,6,20,22,44
16-07-2009,42,26,44,9,32,5
19-07-2009,49,27,42,13,21,15
23-07-2009,40,6,3,28,2,42
26-07-2009,36,28,41,27,24,43
30-07-2009,43,13,38,17,28,31
02-08-2009,30,13,46,38,8,33
06-08-2009,49,25,17,36,6,21
09-08-2009,11,20,45,7,26,4
13-08-2009,2,7,39,36,9,33
16-08-2009,44,7,5,47,23,36
20-08-2009,36,6,42,4,8,5
23-08-2009,16,5,18,11,4,9
27-08-2009,36,46,39,43,41,25
30-08-2009,28,46,45,48,30,19
03-09-2009,32,15,3,14,39,43
06-09-2009,2,48,30,44,26,18
10-09-2009,40,19,5,30,3,32
13-09-2009,43,1,33,44,34,31
17-09-2009,27,22,1,14,28,17
20-09-2009,41,43,16,6,22,48
24-09-2009,22,13,6,41,17,43
27-09-2009,3,46,5,2,1,22
01-10-2009,25,28,48,19,30,10
04-10-2009,45,32,1,7,23,44
08-10-2009,39,14,31,38,12,21
11-10-2009,10,48,9,3,27,22
15-10-2009,32,27,33,24,22,12
18-10-2009,37,26,15,49,6,10
22-10-2009,10,9,22,23,25,16
25-10-2009,12,30,39,31,7,46
29-10-2009,1,47,33,35,14,8
01-11-2009,7,35,25,37,31,15
05-11-2009,41,19,40,39,5,4
08-11-2009,36,15,8,23,13,43
12-11-2009,6,38,45,27,15,33
15-11-2009,43,41,37,13,29,47
19-11-2009,25,37,5,27,17,19
22-11-2009,4,34,49,23,40,48
26-11-2009,41,26,38,14,13,32
29-11-2009,32,43,4,46,12,35
03-12-2009,13,1,10,12,19,2
06-12-2009,4,6,13,41,2,44
10-12-2009,4,30,35,10,1,25
13-12-2009,9,41,37,36,39,49
17-12-2009,4,12,18,14,22,37
20-12-2009,47,4,28,39,43,16
24-12-2009,34,42,8,16,13,15
31-12-2009,27,22,35,10,48,23
07-01-2010,46,35,40,27,7,24
10-01-2010,21,17,45,46,18,1
14-01-2010,7,9,47,40,31,17
17-01-2010,37,12,38,14,23,22
21-01-2010,22,25,27,5,1,23
24-01-2010,27,13,34,36,25,48
28-01-2010,7,33,45,3,11,18
31-01-2010,37,9,35,1,42,29
04-02-2010,14,24,33,44,5,16
07-02-2010,47,13,28,41,32,27
11-02-2010,7,43,27,13,17,42
14-02-2010,34,9,28,11,31,21
18-02-2010,24,37,19,16,32,17
21-02-2010,6,9,40,27,24,17
25-02-2010,13,26,5,20,47,43
28-02-2010,17,6,5,49,21,31
04-03-2010,8,5,20,23,16,25
07-03-2010,46,7,12,33,15,26
11-03-2010,6,45,17,34,33,27
14-03-2010,2,26,5,20,12,37
18-03-2010,21,2,24,41,1,12
21-03-2010,29,45,25,7,2,44
25-03-2010,19,7,1,23,44,22
28-03-2010,4,6,8,45,48,39
01-04-2010,15,25,7,19,9,47
04-04-2010,27,15,34,36,7,25
08-04-2010,45,32,36,9,48,31
11-04-2010,49,34,33,10,48,43
15-04-2010,46,12,36,37,35,13
18-04-2010,14,42,37,41,47,49
22-04-2010,44,22,8,29,1,36
25-04-2010,40,3,13,18,16,30
29-04-2010,19,15,43,34,26,22
02-05-2010,14,37,48,44,11,22
06-05-2010,23,7,15,31,43,28
09-05-2010,2,17,1,28,21,44
13-05-2010,37,9,5,24,12,21
16-05-2010,48,23,19,4,29,24
20-05-2010,47,46,3,4,33,8
23-05-2010,13,16,24,22,25,4
27-05-2010,34,30,49,1,15,44
30-05-2010,32,34,7,22,37,31
03-06-2010,13,33,16,25,1,9
06-06-2010,20,7,1,33,19,43
10-06-2010,46,28,17,44,20,22
13-06-2010,3,14,10,47,2,26
17-06-2010,42,36,15,48,35,32
20-06-2010,20,44,45,12,19,9
24-06-2010,44,49,47,30,12,13
27-06-2010,11,46,10,33,5,6
01-07-2010,36,1,34,35,27,38
04-07-2010,12,40,30,29,9,5
08-07-2010,6,43,11,10,7,13
11-07-2010,12,41,31,23,48,44
15-07-2010,26,49,34,1,12,14
18-07-2010,10,42,43,34,45,36
22-07-2010,29,33,6,4,42,12
25-07-2010,14,44,40,30,22,5
29-07-2010,23,42,49,1,41,3
01-08-2010,10,3,31,47,28,38
05-08-2010,14,31,16,24,1,27
08-08-2010,49,41,3,26,7,31
12-08-2010,14,42,37,4,33,20
15-08-2010,40,48,34,19,21,44
19-08-2010,38,14,23,34,17,42
22-08-2010,43,8,32,2,1,27
26-08-2010,6,24,20,9,38,36
29-08-2010,28,21,12,7,23,11
02-09-2010,15,38,45,9,29,28
05-09-2010,25,39,37,20,38,3
09-09-2010,49,35,44,26,7,18
12-09-2010,13,12,33,29,5,17
16-09-2010,5,47,41,13,12,6
19-09-2010,10,27,37,30,16,13
23-09-2010,15,31,30,39,7,25
26-09-2010,2,18,1,42,17,7
30-09-2010,40,48,4,12,30,7
03-10-2010,38,2,5,25,27,11
07-10-2010,39,26,38,5,36,6
10-10-2010,1,26,12,23,44,35
14-10-2010,13,43,6,20,3,23
17-10-2010,29,31,37,36,16,41
21-10-2010,31,45,8,18,38,19
24-10-2010,6,19,40,49,45,30
28-10-2010,5,27,43,22,20,13
31-10-2010,46,18,33,40,7,24
04-11-2010,19,1,22,38,18,39
07-11-2010,20,22,32,36,33,5
11-11-2010,5,8,45,11,22,9
14-11-2010,19,23,12,17,4,16
18-11-2010,29,11,15,7,5,9
21-11-2010,32,39,38,36,27,35
25-11-2010,11,43,2,28,48,42
28-11-2010,32,4,3,45,36,43
02-12-2010,4,39,23,1,5,47
05-12-2010,39,7,21,31,4,9
09-12-2010,25,32,48,31,47,39
12-12-2010,13,33,37,36,34,21
16-12-2010,33,42,43,45,1,37
19-12-2010,15,41,21,33,49,34
23-12-2010,25,19,24,13,14,41
31-12-2010,8,33,36,34,9,5
31-12-2010,42,29,37,5,43,20
06-01-2011,38,7,17,13,25,24
09-01-2011,14,6,13,46,37,9
13-01-2011,41,18,47,29,45,21
16-01-2011,18,12,7,46,4,33
20-01-2011,45,7,9,34,25,11
23-01-2011,36,37,17,4,12,26
27-01-2011,29,9,5,30,27,34
30-01-2011,12,35,29,19,1,23
03-02-2011,31,15,4,35,18,24
06-02-2011,47,46,34,22,26,6
10-02-2011,37,33,29,23,14,30
13-02-2011,31,20,39,22,13,18
17-02-2011,33,21,24,1,28,5
20-02-2011,9,40,18,42,16,32
24-02-2011,8,19,46,31,15,11
27-02-2011,8,33,24,29,7,48
03-03-2011,9,7,26,44,39,35
06-03-2011,7,48,40,37,19,38
10-03-2011,20,9,48,14,12,35
13-03-2011,39,48,1,20,23,21
17-03-2011,18,35,6,36,3,48
20-03-2011,29,34,24,6,14,1
24-03-2011,28,40,27,29,30,9
27-03-2011,29,34,3,4,5,27
31-03-2011,1,31,27,17,4,32
03-04-2011,27,32,18,2,24,28
07-04-2011,4,9,37,8,35,12
10-04-2011,45,33,24,25,29,23
14-04-2011,23,45,2,30,37,13
17-04-2011,16,4,17,38,46,36
24-04-2011,36,34,5,9,6,3
24-04-2011,40,8,39,26,15,7
28-04-2011,12,7,40,23,4,10
01-05-2011,27,18,40,35,32,26
05-05-2011,11,35,4,39,40,38
08-05-2011,18,16,20,5,38,15
12-05-2011,39,2,1,41,11,25
15-05-2011,28,48,33,9,12,14
19-05-2011,23,20,13,3,9,32
22-05-2011,48,49,14,35,39,28
26-05-2011,1,9,7,18,2,29
29-05-2011,13,34,2,6,11,49
02-06-2011,10,19,32,39,35,13
05-06-2011,4,18,8,22,15,48
09-06-2011,34,43,32,39,17,6
12-06-2011,13,5,41,23,16,48
16-06-2011,41,20,2,46,17,10
19-06-2011,40,21,3,45,49,41
23-06-2011,49,38,32,36,10,22
26-06-2011,42,15,10,16,44,14
30-06-2011,44,48,19,42,49,28
03-07-2011,41,39,8,18,1,4
07-07-2011,33,7,20,24,17,14
10-07-2011,15,38,46,41,32,6
14-07-2011,32,40,31,16,12,13
17-07-2011,15,17,37,48,28,27
21-07-2011,10,42,2,20,35,19
24-07-2011,18,26,45,11,32,28
28-07-2011,2,27,15,36,35,30
31-07-2011,15,29,34,33,22,26
04-08-2011,9,32,16,3,11,17
07-08-2011,43,40,4,44,6,49
11-08-2011,42,6,36,45,37,19
14-08-2011,27,22,32,28,15,14
18-08-2011,8,3,11,1,10,36
21-08-2011,25,17,10,44,45,41
25-08-2011,33,18,41,5,38,3
28-08-2011,10,40,43,13,46,27
01-09-2011,21,40,12,25,35,27
04-09-2011,44,7,14,4,20,22
08-09-2011,11,9,26,10,30,6
11-09-2011,43,19,29,12,38,20
15-09-2011,2,31,33,36,1,18
18-09-2011,26,32,29,8,27,37
22-09-2011,31,26,32,38,45,36
25-09-2011,16,14,19,20,25,13
29-09-2011,28,14,16,24,23,42
02-10-2011,39,18,12,30,25,36
06-10-2011,49,6,14,35,24,3
09-10-2011,40,48,8,38,43,4
13-10-2011,42,5,46,2,43,24
16-10-2011,38,12,3,27,24,35
20-10-2011,43,25,31,7,17,39
23-10-2011,25,27,28,14,22,7
27-10-2011,20,49,21,15,19,2
30-10-2011,27,29,36,19,44,25
03-11-2011,45,40,30,37,43,27
06-11-2011,2,17,33,37,34,42
10-11-2011,11,19,13,6,24,48
13-11-2011,34,20,12,45,9,1
17-11-2011,19,22,45,34,48,32
20-11-2011,47,38,31,44,18,39
24-11-2011,48,26,36,5,25,38
27-11-2011,44,12,26,23,45,43
01-12-2011,25,3,14,36,46,2
04-12-2011,47,11,26,41,28,16
08-12-2011,47,41,22,9,33,3
11-12-2011,41,45,37,14,8,5
15-12-2011,15,7,8,40,33,49
18-12-2011,7,38,30,29,28,21
22-12-2011,42,19,22,5,45,23
30-12-2011,17,43,37,40,29,16
30-12-2011,20,28,38,15,48,37
05-01-2012,9,39,23,36,3,22
08-01-2012,49,32,19,47,42,22
12-01-2012,15,21,4,3,5,8
15-01-2012,14,13,39,45,4,32
19-01-2012,9,29,31,39,3,21
22-01-2012,13,18,31,48,24,19
26-01-2012,23,15,4,31,35,47
29-01-2012,20,42,9,24,12,44
02-02-2012,36,8,34,6,5,49
05-02-2012,14,16,33,19,17,49
09-02-2012,38,41,45,44,8,34
12-02-2012,47,28,40,27,9,34
16-02-2012,39,16,9,8,18,26
19-02-2012,16,34,3,12,28,15
23-02-2012,10,40,42,37,26,27
26-02-2012,10,19,1,16,18,14
01-03-2012,49,42,34,10,19,41
04-03-2012,49,24,44,5,22,38
08-03-2012,10,9,14,43,25,35
11-03-2012,25,15,43,35,36,37
15-03-2012,10,11,2,12,49,39
18-03-2012,3,39,33,40,2,17
22-03-2012,20,24,13,11,31,3
25-03-2012,43,24,36,32,12,19
29-03-2012,5,37,11,36,6,39
01-04-2012,7,14,20,37,43,27
05-04-2012,33,39,23,2,12,24
08-04-2012,4,40,13,27,29,16
15-04-2012,38,29,16,8,28,36
15-04-2012,39,5,46,18,32,37
19-04-2012,1,22,18,47,26,32
22-04-2012,46,18,43,8,20,35
26-04-2012,45,20,35,16,43,13
29-04-2012,27,32,34,15,21,1
03-05-2012,33,22,4,42,17,6
06-05-2012,47,37,17,48,7,41
10-05-2012,48,1,46,2,32,26
13-05-2012,17,3,26,21,29,34
17-05-2012,9,23,41,37,43,4
20-05-2012,43,14,42,49,4,28
24-05-2012,11,2,9,10,38,12
27-05-2012,29,39,33,6,5,26
31-05-2012,42,47,23,20,25,5
03-06-2012,46,38,23,15,18,3
07-06-2012,17,5,16,33,32,27
10-06-2012,25,32,20,28,6,30
14-06-2012,12,37,9,41,15,46
17-06-2012,43,12,2,4,8,39
21-06-2012,2,42,45,33,41,28
24-06-2012,20,30,28,8,5,49
28-06-2012,11,15,19,38,21,44
01-07-2012,33,30,10,47,5,49
05-07-2012,21,24,43,20,13,2
08-07-2012,26,35,38,17,5,23
12-07-2012,32,4,40,44,47,22
15-07-2012,32,1,45,41,44,37
19-07-2012,30,13,12,24,15,19
22-07-2012,48,36,24,21,47,37
26-07-2012,1,12,28,38,16,49
29-07-2012,7,22,9,29,2,32
02-08-2012,13,18,47,14,15,7
05-08-2012,28,49,20,22,8,7
09-08-2012,13,46,36,39,21,35
12-08-2012,25,16,18,20,23,46
16-08-2012,38,30,11,7,5,2
19-08-2012,33,37,31,25,28,8
23-08-2012,21,37,34,29,48,7
26-08-2012,23,30,39,14,40,35
30-08-2012,25,46,4,2,24,10
02-09-2012,21,14,26,19,3,28
06-09-2012,2,33,38,6,36,34
09-09-2012,37,32,30,13,18,4
16-09-2012,9,15,25,30,17,6
16-09-2012,22,19,12,28,29,23
20-09-2012,15,24,46,38,33,3
23-09-2012,14,13,17,38,21,7
27-09-2012,13,49,8,17,28,48
30-09-2012,6,37,34,17,9,14
04-10-2012,16,35,21,14,34,45
07-10-2012,28,16,19,36,46,4
11-10-2012,18,49,20,11,30,9
14-10-2012,43,12,24,36,7,16
18-10-2012,42,18,41,7,35,26
21-10-2012,9,24,2,42,25,28
25-10-2012,22,38,29,37,13,25
28-10-2012,37,11,47,44,31,13
01-11-2012,8,4,48,12,29,33
04-11-2012,37,17,32,21,26,27
08-11-2012,16,5,40,45,14,25
11-11-2012,44,35,34,29,36,32
15-11-2012,12,24,8,30,4,40
18-11-2012,22,28,48,39,20,24
22-11-2012,7,33,26,45,38,43
25-11-2012,12,2,28,32,7,25
29-11-2012,18,1,37,34,43,11
02-12-2012,10,32,37,23,45,39
06-12-2012,47,41,23,10,21,45
09-12-2012,40,11,47,31,38,29
13-12-2012,42,21,24,43,44,2
16-12-2012,38,10,3,4,6,17
20-12-2012,14,47,24,2,13,33
23-12-2012,23,14,39,37,46,8
30-12-2012,49,16,29,32,48,42
30-12-2012,6,32,36,46,8,48
06-01-2013,49,24,10,18,27,23
10-01-2013,39,44,27,31,5,25
13-01-2013,47,33,10,16,27,2
17-01-2013,4,42,46,41,26,37
20-01-2013,6,39,42,44,49,38
24-01-2013,36,27,48,2,6,26
27-01-2013,40,18,25,33,39,43
31-01-2013,40,26,32,22,23,36
03-02-2013,45,46,1,34,8,13
07-02-2013,20,42,39,2,25,28
10-02-2013,3,8,38,25,1,14
14-02-2013,3,4,46,9,44,15
17-02-2013,2,12,19,17,45,26
21-02-2013,27,10,7,34,32,9
24-02-2013,1,14,35,41,7,11
28-02-2013,15,8,21,2,18,45
03-03-2013,48,11,31,8,43,21
07-03-2013,17,5,15,31,42,43
10-03-2013,32,46,9,40,17,29
14-03-2013,22,13,24,3,5,34
17-03-2013,27,28,11,8,12,14
21-03-2013,14,2,23,20,47,49
24-03-2013,16,5,33,4,36,20
28-03-2013,4,5,32,10,22,46
31-03-2013,2,7,46,4,6,16
04-04-2013,6,49,24,16,5,9
07-04-2013,21,35,43,5,7,46
11-04-2013,23,10,25,13,44,39
14-04-2013,13,46,31,35,30,12
18-04-2013,19,16,21,39,7,28
21-04-2013,47,38,10,25,20,15
25-04-2013,37,34,26,18,40,11
28-04-2013,12,36,24,16,43,10
05-05-2013,41,2,27,28,30,42
05-05-2013,6,48,34,12,22,38
09-05-2013,38,28,6,2,22,23
12-05-2013,9,29,45,5,3,11
16-05-2013,35,31,7,27,26,19
19-05-2013,48,21,24,4,39,1
23-05-2013,47,8,6,15,11,26
26-05-2013,4,40,34,17,42,49
30-05-2013,7,11,12,10,46,37
02-06-2013,6,34,36,9,26,16
06-06-2013,6,38,47,34,32,14
09-06-2013,24,44,37,45,8,41
13-06-2013,44,20,48,49,1,25
16-06-2013,17,9,44,21,32,35
20-06-2013,41,8,38,21,9,36
23-06-2013,32,39,17,19,5,47
27-06-2013,2,41,29,43,44,48
30-06-2013,16,25,14,36,8,33
04-07-2013,29,38,44,27,18,17
07-07-2013,11,2,34,36,48,8
11-07-2013,27,23,37,4,30,8
14-07-2013,22,49,18,7,47,6
18-07-2013,38,20,25,40,4,3
21-07-2013,22,29,11,9,2,39
25-07-2013,15,7,6,24,34,28
28-07-2013,41,11,9,45,42,19
01-08-2013,41,12,46,15,40,37
04-08-2013,7,4,10,32,46,45
08-08-2013,17,5,25,20,43,23
11-08-2013,13,21,49,3,40,43
15-08-2013,23,46,18,17,47,15
18-08-2013,43,23,25,3,22,17
22-08-2013,15,32,21,7,23,40
25-08-2013,28,30,49,29,34,25
29-08-2013,8,5,36,3,2,41
01-09-2013,26,44,7,16,25,11
05-09-2013,41,10,28,36,27,16
08-09-2013,6,26,13,24,47,34
15-09-2013,44,2,24,15,48,33
15-09-2013,15,39,44,36,19,33
19-09-2013,33,32,37,41,8,45
22-09-2013,4,46,28,30,49,17
26-09-2013,14,49,36,11,35,8
29-09-2013,7,31,35,12,48,44
03-10-2013,21,41,15,1,37,34
06-10-2013,25,36,29,49,47,31
10-10-2013,35,10,3,33,48,34
13-10-2013,17,13,35,9,30,39
17-10-2013,34,26,2,16,36,43
20-10-2013,40,19,11,37,20,6
24-10-2013,32,1,49,40,30,20
27-10-2013,41,36,10,20,17,12
31-10-2013,37,45,4,25,5,6
03-11-2013,39,32,49,24,25,15
07-11-2013,48,17,49,19,32,29
10-11-2013,25,46,15,4,7,22
14-11-2013,43,16,6,29,25,37
17-11-2013,36,44,28,23,25,21
21-11-2013,13,37,32,21,7,33
24-11-2013,1,40,42,47,25,35
28-11-2013,46,26,43,30,38,21
01-12-2013,26,48,8,2,39,25
05-12-2013,46,6,20,45,32,24
08-12-2013,32,40,22,14,9,18
12-12-2013,17,32,49,37,35,41
15-12-2013,8,34,9,35,18,40
19-12-2013,12,10,1,3,47,35
22-12-2013,3,45,22,48,10,13
30-12-2013,28,21,17,23,4,48
30-12-2013,11,34,30,3,9,5
05-01-2014,33,45,25,10,4,48
09-01-2014,2,33,26,24,12,16
12-01-2014,43,24,39,4,32,7
16-01-2014,1,45,43,48,9,21
19-01-2014,34,29,48,30,4,27
23-01-2014,28,29,18,4,17,16
26-01-2014,29,38,6,25,8,34
30-01-2014,6,37,29,32,18,42
02-02-2014,13,37,25,12,30,46
06-02-2014,2,14,12,3,25,17
09-02-2014,1,9,17,20,22,49
13-02-2014,48,14,12,1,17,23
16-02-2014,4,49,29,23,31,1
20-02-2014,10,12,3,48,36,4
23-02-2014,44,16,27,33,31,11
27-02-2014,30,34,38,4,6,27
02-03-2014,24,21,13,37,39,6
06-03-2014,45,36,11,44,42,16
09-03-2014,44,11,22,5,15,47
13-03-2014,1,46,25,27,17,36
16-03-2014,36,8,22,31,44,12
20-03-2014,31,6,34,4,44,49
23-03-2014,23,2,9,18,33,32
27-03-2014,5,23,13,9,2,4
30-03-2014,45,33,40,21,35,5
03-04-2014,10,38,5,7,14,45
06-04-2014,14,6,33,11,5,49
10-04-2014,46,49,13,8,43,47
13-04-2014,15,48,5,8,30,1
20-04-2014,3,45,26,40,47,32
20-04-2014,5,3,44,26,42,9
24-04-2014,18,46,11,41,5,10
27-04-2014,28,38,23,15,35,3
01-05-2014,1,25,20,17,22,4
04-05-2014,44,49,20,30,15,6
08-05-2014,41,14,48,8,6,49
11-05-2014,37,43,6,46,17,7
15-05-2014,35,39,19,47,43,20
18-05-2014,6,19,47,9,31,36
22-05-2014,13,33,40,9,12,36
25-05-2014,43,33,3,44,29,37
29-05-2014,31,8,2,6,10,19
01-06-2014,31,44,35,32,7,43
05-06-2014,8,31,37,49,2,6
08-06-2014,2,22,30,5,41,27
12-06-2014,49,21,17,32,34,11
15-06-2014,17,23,43,1,28,47
19-06-2014,28,40,19,4,41,14
22-06-2014,24,11,14,44,41,16
26-06-2014,25,10,44,27,31,11
29-06-2014,35,18,12,2,17,7
03-07-2014,38,28,31,15,6,32
06-07-2014,39,11,21,13,47,30
10-07-2014,30,34,11,40,33,19
13-07-2014,13,26,33,27,31,21
17-07-2014,44,25,2,29,46,45
20-07-2014,5,12,38,2,14,48
24-07-2014,20,34,15,7,3,17
27-07-2014,48,11,45,12,30,32
31-07-2014,33,28,19,9,17,10
03-08-2014,4,29,47,1,30,43
07-08-2014,23,3,13,25,19,32
10-08-2014,31,37,27,47,22,45
14-08-2014,8,37,13,25,36,21
17-08-2014,15,1,35,17,11,21
21-08-2014,40,32,45,24,48,26
24-08-2014,21,45,19,38,27,18
28-08-2014,21,34,4,49,9,46
31-08-2014,40,33,29,27,13,39
04-09-2014,8,22,48,27,21,16
07-09-2014,28,3,22,45,39,26
14-09-2014,28,11,14,29,13,33
14-09-2014,19,44,22,23,12,32
18-09-2014,26,41,4,46,30,16
21-09-2014,19,42,1,32,33,47
25-09-2014,25,23,38,46,27,5
28-09-2014,11,24,19,4,41,20
02-10-2014,15,49,28,25,23,47
05-10-2014,12,22,15,31,25,32
09-10-2014,41,5,48,43,21,32
12-10-2014,23,49,17,45,32,24
16-10-2014,29,17,1,46,25,31
19-10-2014,13,19,25,1,15,6
23-10-2014,28,47,38,31,9,40
26-10-2014,33,26,49,22,12,2
30-10-2014,45,5,39,30,24,46
02-11-2014,42,39,48,33,24,41
06-11-2014,20,11,16,36,15,49
09-11-2014,4,36,6,46,32,44
13-11-2014,30,42,23,16,8,39
16-11-2014,30,22,17,6,18,28
20-11-2014,40,36,19,2,18,12
23-11-2014,2,11,32,34,38,28
27-11-2014,23,22,36,6,20,33
30-11-2014,12,34,17,16,20,15
04-12-2014,46,29,35,44,2,4
07-12-2014,47,6,28,36,1,20
11-12-2014,34,35,1,5,36,47
14-12-2014,17,49,22,10,45,33
18-12-2014,2,24,39,16,4,10
21-12-2014,40,28,5,12,19,44
30-12-2014,39,36,47,6,1,3
30-12-2014,22,16,47,34,48,20
11-01-2015,45,16,3,9,34,13
15-01-2015,25,23,45,18,11,36
18-01-2015,35,1,15,27,3,14
22-01-2015,41,36,4,15,32,20
25-01-2015,35,5,16,25,36,9
29-01-2015,13,28,46,35,44,39
01-02-2015,10,27,2,41,45,37
05-02-2015,24,8,3,26,21,25
08-02-2015,19,29,5,34,41,2
12-02-2015,9,25,5,35,40,33
15-02-2015,25,28,9,45,34,43
19-02-2015,43,42,18,2,16,15
22-02-2015,40,18,7,29,33,14
26-02-2015,46,25,42,23,26,16
01-03-2015,9,46,34,11,18,35
01-03-2015,21,15,27,37,29,14
05-03-2015,8,48,22,2,41,27
08-03-2015,3,8,11,26,48,46
12-03-2015,16,1,47,25,26,15
15-03-2015,43,17,34,35,47,3
19-03-2015,6,23,7,30,21,46
22-03-2015,46,36,45,7,35,13
26-03-2015,2,45,27,4,38,48
29-03-2015,22,10,4,6,18,9
02-04-2015,11,38,36,1,27,16
05-04-2015,33,5,30,44,4,27
09-04-2015,18,36,32,49,29,6
12-04-2015,15,44,16,19,31,23
12-04-2015,18,25,45,23,27,40
16-04-2015,26,42,45,8,1,5
19-04-2015,32,44,21,38,35,16
23-04-2015,1,18,10,30,17,44
26-04-2015,46,29,30,1,10,2
30-04-2015,43,19,27,11,14,46
03-05-2015,45,8,5,37,19,1
07-05-2015,3,48,14,47,9,16
10-05-2015,4,25,6,17,48,14
14-05-2015,30,21,38,33,8,11
17-05-2015,16,19,48,25,32,10
21-05-2015,34,1,17,10,39,18
24-05-2015,32,25,45,43,40,2
28-05-2015,46,41,12,44,39,22
31-05-2015,14,35,29,8,23,21
04-06-2015,24,38,26,28,7,17
07-06-2015,47,30,45,37,12,17
11-06-2015,32,17,46,5,48,33
14-06-2015,28,23,24,45,10,37
18-06-2015,38,37,1,33,41,15
21-06-2015,11,34,1,7,37,18
25-06-2015,18,37,8,43,26,45
28-06-2015,38,6,36,22,48,47
02-07-2015,36,30,20,4,5,10
05-07-2015,27,4,47,15,10,41
09-07-2015,19,17,5,2,41,28
12-07-2015,45,13,15,32,2,23
16-07-2015,43,48,31,33,24,45
19-07-2015,37,33,10,43,49,40
23-07-2015,16,48,46,36,42,26
26-07-2015,48,43,38,6,10,36
30-07-2015,34,25,44,18,39,24
02-08-2015,1,27,14,23,30,40
06-08-2015,35,16,14,7,46,40
09-08-2015,29,15,21,46,36,18
13-08-2015,16,10,14,24,3,6
16-08-2015,11,8,44,10,46,35
20-08-2015,26,41,38,18,4,36
23-08-2015,16,28,17,43,20,36
27-08-2015,23,5,26,42,17,34
30-08-2015,44,48,1,34,2,25
03-09-2015,15,10,26,9,6,47
06-09-2015,38,3,12,16,28,18
13-09-2015,28,40,3,17,34,49
13-09-2015,22,21,18,17,41,8
17-09-2015,32,3,28,14,8,29
20-09-2015,48,34,20,27,47,2
24-09-2015,49,31,38,44,14,10
27-09-2015,26,1,32,18,12,7
01-10-2015,11,2,38,32,41,30
04-10-2015,31,1,36,39,24,14
08-10-2015,33,18,6,42,37,35
11-10-2015,30,44,27,29,28,45
15-10-2015,14,45,46,9,22,8
18-10-2015,10,17,47,11,12,23
22-10-2015,44,3,24,1,49,2
25-10-2015,31,9,7,17,10,47
29-10-2015,2,12,26,19,37,25
01-11-2015,11,21,20,8,41,34
05-11-2015,45,41,47,42,40,10
08-11-2015,13,16,32,7,10,36
12-11-2015,44,2,13,39,12,19
15-11-2015,29,10,2,30,3,18
19-11-2015,31,3,10,47,25,8
22-11-2015,14,43,23,21,33,16
26-11-2015,21,46,26,32,3,35
29-11-2015,5,28,26,35,12,47
03-12-2015,10,13,37,44,14,46
06-12-2015,26,49,9,20,48,6
10-12-2015,41,1,20,46,36,14
13-12-2015,32,25,11,21,14,38
17-12-2015,46,26,11,19,28,6
20-12-2015,8,18,44,27,2,13
30-12-2015,10,15,18,47,34,48
30-12-2015,8,35,4,28,40,22
07-01-2016,34,26,36,29,11,25
10-01-2016,41,16,14,8,29,47
14-01-2016,45,41,38,46,23,33
17-01-2016,21,20,9,5,2,14
21-01-2016,17,13,5,1,20,9
24-01-2016,43,39,4,28,20,5
28-01-2016,11,35,13,1,33,14
31-01-2016,28,6,49,18,9,36
04-02-2016,42,47,44,45,6,24
07-02-2016,36,29,4,1,45,42
11-02-2016,32,40,9,31,21,28
14-02-2016,23,46,8,11,48,13
18-02-2016,33,5,4,18,16,8
21-02-2016,47,21,1,40,31,39
25-02-2016,15,34,31,37,6,24
28-02-2016,25,4,19,41,20,36
03-03-2016,16,38,19,27,41,45
06-03-2016,29,8,2,34,46,37
06-03-2016,41,14,49,25,2,44
10-03-2016,26,28,44,46,3,45
13-03-2016,3,21,45,19,4,29
17-03-2016,40,13,45,9,43,41
20-03-2016,4,5,30,23,36,1
24-03-2016,15,21,24,47,16,18
27-03-2016,2,3,24,40,6,43
31-03-2016,21,11,44,43,32,5
03-04-2016,36,6,34,13,47,49
07-04-2016,20,26,39,25,14,21
10-04-2016,35,42,17,41,28,33
14-04-2016,9,44,5,16,31,10
17-04-2016,9,15,12,27,44,46
21-04-2016,18,47,5,14,46,6
24-04-2016,6,15,42,43,45,32
01-05-2016,16,40,9,36,37,43
01-05-2016,22,23,11,39,42,8
05-05-2016,39,5,19,13,15,32
08-05-2016,48,17,34,25,14,5
12-05-2016,3,37,6,22,2,10
15-05-2016,24,4,42,25,37,20
19-05-2016,24,7,34,2,9,37
22-05-2016,30,13,1,42,34,19
26-05-2016,1,43,21,45,26,20
29-05-2016,11,48,3,19,10,5
02-06-2016,13,27,37,8,23,12
05-06-2016,39,7,4,13,36,22
09-06-2016,30,42,44,18,10,31
12-06-2016,27,20,25,46,22,11
16-06-2016,30,16,4,9,13,2
19-06-2016,25,35,30,4,11,14
23-06-2016,24,7,46,35,3,27
26-06-2016,24,43,1,25,46,22
30-06-2016,1,27,34,49,14,6
03-07-2016,42,25,38,22,27,15
07-07-2016,15,31,26,4,42,17
10-07-2016,9,38,45,21,20,5
14-07-2016,22,31,34,47,10,49
17-07-2016,12,26,9,45,4,47
21-07-2016,2,41,42,6,39,12
24-07-2016,24,16,28,21,6,33
28-07-2016,42,44,10,3,33,27
31-07-2016,38,32,31,49,3,4
04-08-2016,16,42,2,6,46,30
07-08-2016,7,5,36,41,4,32
11-08-2016,14,4,19,49,34,38
14-08-2016,47,3,49,6,7,24
18-08-2016,6,44,1,4,19,8
21-08-2016,38,17,5,11,36,13
25-08-2016,6,11,25,9,12,1
28-08-2016,48,6,4,30,13,26
01-09-2016,19,26,45,25,22,3
04-09-2016,41,13,21,43,45,28
08-09-2016,40,39,14,46,7,41
11-09-2016,34,21,25,14,46,43
15-09-2016,22,18,5,28,29,15
18-09-2016,18,19,35,23,45,13
18-09-2016,22,47,15,14,41,2
22-09-2016,33,25,30,17,13,31
25-09-2016,11,25,43,42,30,23
29-09-2016,32,43,40,44,2,26
02-10-2016,27,23,2,44,48,38
06-10-2016,21,10,40,23,3,38
09-10-2016,9,10,27,5,38,33
13-10-2016,16,7,26,25,31,13
16-10-2016,19,42,22,18,43,20
20-10-2016,11,36,7,31,19,12
23-10-2016,12,31,46,17,6,5
27-10-2016,6,35,3,1,43,42
30-10-2016,16,37,7,33,28,36
03-11-2016,7,19,22,6,5,45
06-11-2016,15,11,41,14,9,42
10-11-2016,35,44,17,10,22,18
13-11-2016,21,35,46,20,5,31
17-11-2016,17,42,39,30,36,4
20-11-2016,2,42,1,44,19,8
24-11-2016,17,15,19,11,7,9
27-11-2016,29,32,43,30,21,4
04-12-2016,34,23,1,18,5,11
08-12-2016,38,9,24,10,7,4
11-12-2016,36,18,41,24,23,10
15-12-2016,49,4,44,37,7,31
18-12-2016,17,3,38,44,20,40
22-12-2016,4,18,32,21,17,34
31-12-2016,23,22,43,8,9,27
31-12-2016,42,15,34,43,48,39
05-01-2017,25,49,42,29,5,24
08-01-2017,16,5,18,28,43,30
12-01-2017,16,30,1,23,20,8
15-01-2017,7,30,16,39,23,5
19-01-2017,23,45,12,25,2,10
22-01-2017,24,16,38,27,11,3
26-01-2017,33,27,2,40,42,20
29-01-2017,38,27,49,17,13,44
02-02-2017,40,6,27,5,25,49
05-02-2017,25,10,34,15,36,39
09-02-2017,20,37,8,31,27,9
12-02-2017,7,5,8,25,37,6
16-02-2017,22,17,4,42,30,3
19-02-2017,37,30,27,38,17,45
23-02-2017,18,23,36,7,47,8
26-02-2017,22,31,30,4,42,39
02-03-2017,24,38,48,11,12,29
05-03-2017,43,14,49,23,3,6
05-03-2017,30,1,16,9,41,34
09-03-2017,29,43,33,10,27,36
12-03-2017,20,39,3,5,49,41
16-03-2017,48,30,46,13,21,29
19-03-2017,40,45,38,8,11,34
23-03-2017,11,35,39,4,2,1
26-03-2017,1,29,41,39,18,46
30-03-2017,23,31,20,19,38,7
02-04-2017,48,21,12,9,5,46
06-04-2017,22,20,2,36,1,8
09-04-2017,41,32,21,5,4,16
16-04-2017,8,30,37,11,21,45
16-04-2017,23,42,21,30,4,12
20-04-2017,1,21,18,6,31,3
23-04-2017,13,45,42,14,48,41
27-04-2017,49,2,19,44,9,35
30-04-2017,5,40,8,12,38,16
04-05-2017,13,25,22,15,34,11
07-05-2017,18,13,21,4,16,11
11-05-2017,1,32,34,49,24,17
14-05-2017,1,38,25,2,11,6
18-05-2017,47,13,6,3,32,17
21-05-2017,17,32,39,48,43,41
25-05-2017,4,20,15,2,10,19
28-05-2017,11,13,2,43,12,39
01-06-2017,48,30,19,38,36,29
04-06-2017,39,19,14,12,26,16
08-06-2017,7,6,16,26,18,9
11-06-2017,8,49,38,17,33,28
15-06-2017,20,15,4,39,46,3
18-06-2017,38,3,48,30,1,12
22-06-2017,2,40,22,44,42,30
25-06-2017,9,28,12,46,8,19
25-06-2017,13,47,17,44,27,6
29-06-2017,33,31,28,4,5,26
02-07-2017,11,32,28,37,36,48
06-07-2017,15,17,21,49,30,25
09-07-2017,26,30,8,24,35,23
13-07-2017,49,4,26,32,27,43
16-07-2017,16,15,5,22,7,40
20-07-2017,7,14,44,27,45,4
23-07-2017,4,38,39,11,15,36
27-07-2017,47,16,11,38,10,26
30-07-2017,25,48,28,38,1,24
30-07-2017,41,20,7,5,9,3
03-08-2017,14,16,44,2,27,9
06-08-2017,25,7,9,37,43,29
10-08-2017,16,14,7,47,21,27
13-08-2017,38,3,28,31,32,18
17-08-2017,48,27,29,23,8,20
20-08-2017,48,46,5,30,19,32
24-08-2017,26,16,37,36,13,22
27-08-2017,48,17,43,2,13,15
31-08-2017,18,11,24,39,12,34
03-09-2017,23,24,8,45,40,35
07-09-2017,15,36,20,24,2,6
10-09-2017,20,25,45,48,37,21
17-09-2017,21,30,39,46,3,9
17-09-2017,5,14,10,23,26,40
21-09-2017,4,32,36,8,1,24
24-09-2017,32,5,4,49,44,12
28-09-2017,3,6,37,7,48,28
01-10-2017,21,38,7,6,49,13
05-10-2017,30,6,17,41,4,28
08-10-2017,5,15,28,41,32,7
12-10-2017,44,35,36,19,21,42
15-10-2017,46,22,47,43,27,28
15-10-2017,44,19,35,6,9,10
19-10-2017,8,32,11,19,29,17
22-10-2017,2,28,41,27,26,3
26-10-2017,10,21,24,22,37,23
29-10-2017,18,37,27,10,44,5
02-11-2017,49,21,24,28,39,16
05-11-2017,13,3,18,12,21,45
09-11-2017,23,47,28,7,39,9
12-11-2017,19,12,32,7,33,17
16-11-2017,21,5,44,48,11,49
19-11-2017,8,15,30,42,39,35
23-11-2017,30,10,11,45,15,37
26-11-2017,23,30,44,13,2,15
26-11-2017,37,11,35,27,12,4
30-11-2017,17,15,41,39,45,40
03-12-2017,42,20,5,4,23,38
07-12-2017,32,14,37,40,47,49
10-12-2017,38,49,10,1,46,22
14-12-2017,40,2,45,13,11,5
17-12-2017,34,30,47,46,45,26
21-12-2017,19,46,30,33,36,17
24-12-2017,18,33,17,12,44,28
31-12-2017,5,44,12,9,29,16
31-12-2017,43,36,2,42,32,28
04-01-2018,8,27,47,2,25,3
07-01-2018,4,12,5,19,33,2
11-01-2018,35,20,10,31,3,32
14-01-2018,16,36,34,30,43,27
18-01-2018,1,49,21,34,2,12
21-01-2018,47,35,17,33,23,11
25-01-2018,48,10,17,31,25,29
28-01-2018,18,34,5,28,33,2
01-02-2018,37,34,27,46,4,28
04-02-2018,37,17,26,39,35,4
08-02-2018,3,29,23,40,39,9
11-02-2018,5,14,30,34,22,18
15-02-2018,30,33,5,2,34,19
18-02-2018,21,12,42,8,37,2
22-02-2018,47,8,35,18,26,2
25-02-2018,3,1,47,19,28,34
01-03-2018,6,11,39,43,33,9
04-03-2018,17,40,3,31,19,41
04-03-2018,20,40,19,32,39,29
08-03-2018,12,4,24,42,31,2
11-03-2018,27,43,48,29,35,1
15-03-2018,34,19,3,20,10,17
18-03-2018,9,37,41,33,47,25
22-03-2018,4,15,48,2,23,20
25-03-2018,2,39,12,36,34,20
29-03-2018,23,35,31,5,6,43
01-04-2018,12,23,20,11,42,18
08-04-2018,31,9,18,29,32,21
08-04-2018,45,49,9,37,7,31
12-04-2018,2,24,43,49,16,40
15-04-2018,15,9,31,21,13,4
19-04-2018,4,21,22,27,24,37
22-04-2018,14,18,39,21,45,29
26-04-2018,14,18,19,24,33,6
29-04-2018,30,49,14,46,37,32
03-05-2018,29,37,44,3,9,6
06-05-2018,35,16,25,9,23,49
10-05-2018,1,20,39,21,43,44
13-05-2018,33,9,17,49,11,34
17-05-2018,24,34,17,8,5,20
20-05-2018,12,16,33,45,3,10
24-05-2018,1,14,38,47,33,7
27-05-2018,2,27,14,45,7,46
31-05-2018,24,33,19,28,35,4
03-06-2018,1,11,47,22,36,46
07-06-2018,43,4,38,25,16,46
10-06-2018,47,21,25,22,40,42
14-06-2018,6,23,3,35,32,44
17-06-2018,3,19,20,23,17,37
21-06-2018,30,31,19,49,17,34
24-06-2018,24,49,42,3,21,41
28-06-2018,49,23,25,24,41,4
01-07-2018,19,43,20,18,5,11
05-07-2018,28,5,44,10,26,38
08-07-2018,25,36,31,8,7,40
12-07-2018,2,42,29,39,40,44
15-07-2018,3,29,46,32,23,27
19-07-2018,23,49,5,2,41,16
22-07-2018,4,48,39,44,24,9
26-07-2018,6,12,44,27,4,30
29-07-2018,38,9,14,45,31,23
02-08-2018,21,9,8,22,40,27
05-08-2018,2,31,43,24,40,19
09-08-2018,41,42,25,28,38,30
12-08-2018,3,23,16,12,10,45
16-08-2018,5,16,37,32,3,10
19-08-2018,31,15,24,18,33,35
23-08-2018,37,14,47,28,39,4
26-08-2018,19,43,26,27,14,38
30-08-2018,29,27,12,25,7,39
02-09-2018,45,43,28,14,18,4
06-09-2018,48,26,13,28,7,22
09-09-2018,44,16,27,48,9,19
13-09-2018,42,20,3,34,31,13
16-09-2018,33,22,37,36,42,29
16-09-2018,14,10,23,30,8,37
20-09-2018,42,35,33,39,25,7
23-09-2018,34,23,15,47,4,14
27-09-2018,29,11,4,45,33,28
30-09-2018,3,5,41,44,38,32
04-10-2018,34,26,12,32,7,42
07-10-2018,21,12,40,44,33,1
11-10-2018,6,11,33,19,23,8
14-10-2018,24,45,2,49,19,47
18-10-2018,34,27,32,10,13,11
21-10-2018,7,6,22,21,43,23
21-10-2018,45,47,25,18,2,10
25-10-2018,42,33,45,5,15,16
28-10-2018,24,10,4,48,33,43
01-11-2018,34,19,7,43,9,28
04-11-2018,40,34,22,36,32,41
08-11-2018,42,19,10,37,21,45
11-11-2018,10,23,30,21,7,39
15-11-2018,28,7,48,14,22,17
18-11-2018,48,23,15,37,35,28
18-11-2018,42,48,10,5,33,3
22-11-2018,20,15,18,7,28,23
25-11-2018,22,7,2,40,14,30
29-11-2018,3,12,27,18,9,4
02-12-2018,39,46,15,11,7,25
02-12-2018,33,7,19,47,11,25
06-12-2018,19,14,7,34,20,41
09-12-2018,22,23,24,9,47,33
13-12-2018,32,41,43,25,1,19
16-12-2018,47,33,34,16,44,27
20-12-2018,24,44,13,23,32,41
23-12-2018,26,41,24,25,23,36
31-12-2018,11,12,15,30,8,4
06-01-2019,7,45,30,17,6,26
10-01-2019,8,15,31,45,26,32
13-01-2019,22,14,17,33,7,9
17-01-2019,7,45,36,15,40,34
20-01-2019,35,15,26,17,46,21
24-01-2019,39,43,17,8,6,7
27-01-2019,26,7,4,42,48,6
31-01-2019,30,7,23,12,28,27
03-02-2019,35,48,18,34,49,29
07-02-2019,30,26,25,48,32,1
10-02-2019,12,45,48,38,24,5
14-02-2019,31,49,2,46,20,3
17-02-2019,13,45,28,17,12,47
21-02-2019,26,33,11,9,24,20
24-02-2019,2,3,49,25,31,17
28-02-2019,30,21,41,32,45,3
03-03-2019,26,42,24,20,36,33
07-03-2019,20,16,18,23,15,26
10-03-2019,4,20,1,10,5,42
14-03-2019,37,39,2,32,25,23
17-03-2019,1,36,40,21,4,39
21-03-2019,30,10,5,27,8,28
24-03-2019,13,45,49,26,18,28
28-03-2019,38,6,45,36,47,11
31-03-2019,14,13,19,12,21,25
04-04-2019,44,29,46,6,1,28
07-04-2019,4,2,8,5,25,14
11-04-2019,8,10,4,49,45,27
14-04-2019,12,44,4,36,31,39
18-04-2019,8,6,33,31,42,13
21-04-2019,26,23,47,21,35,24
27-04-2019,15,8,1,29,5,43
27-04-2019,46,10,7,5,41,9
02-05-2019,48,7,34,40,33,46
05-05-2019,42,28,13,6,19,48
09-05-2019,13,32,15,43,18,20
12-05-2019,27,6,11,44,42,24
16-05-2019,12,46,42,20,17,2
19-05-2019,43,26,15,11,24,25
23-05-2019,5,47,38,39,31,22
26-05-2019,16,43,48,14,19,26
30-05-2019,1,13,29,6,3,22
02-06-2019,18,9,26,34,49,11
06-06-2019,40,24,37,2,11,12
09-06-2019,25,30,2,49,15,31
13-06-2019,33,46,4,36,32,47
16-06-2019,22,42,41,30,34,8
20-06-2019,14,48,32,11,35,13
23-06-2019,5,1,11,45,36,8
27-06-2019,12,28,5,34,21,16
30-06-2019,3,47,31,25,22,21
04-07-2019,6,40,22,32,31,12
07-07-2019,8,40,16,4,48,2
11-07-2019,42,28,31,3,23,38
14-07-2019,15,21,28,38,26,13
18-07-2019,41,16,27,24,4,37
21-07-2019,1,40,27,35,28,37
25-07-2019,32,7,40,1,37,11
28-07-2019,32,40,20,35,4,23
01-08-2019,6,3,48,25,2,47
04-08-2019,22,26,42,6,7,24
08-08-2019,22,30,31,29,10,4
11-08-2019,25,45,44,37,27,42
15-08-2019,6,7,9,37,30,31
18-08-2019,5,40,24,20,8,27
22-08-2019,39,8,24,46,33,47
25-08-2019,36,29,2,28,16,34
29-08-2019,25,1,13,34,28,30
01-09-2019,36,19,38,44,6,20
05-09-2019,21,40,3,13,30,6
08-09-2019,43,4,48,29,44,23
12-09-2019,8,10,30,26,42,6
15-09-2019,27,45,25,8,10,39
15-09-2019,37,8,4,10,28,21
19-09-2019,5,27,43,18,47,19
22-09-2019,25,24,27,17,29,20
26-09-2019,22,37,27,45,43,40
29-09-2019,14,26,48,43,40,10
03-10-2019,36,7,11,15,48,8
06-10-2019,10,29,6,19,38,45
10-10-2019,21,41,49,30,31,2
13-10-2019,42,23,35,44,32,1
17-10-2019,21,41,15,5,6,45
20-10-2019,32,36,47,49,18,7
24-10-2019,49,6,27,20,26,28
27-10-2019,44,9,41,1,49,5
31-10-2019,38,22,27,24,30,21
03-11-2019,39,48,1,43,40,31
07-11-2019,6,19,44,33,37,2
10-11-2019,10,36,23,12,28,46
14-11-2019,27,17,30,8,13,16
17-11-2019,11,17,15,49,33,6
21-11-2019,4,42,46,43,5,35
24-11-2019,13,37,44,25,21,49
28-11-2019,40,4,8,10,1,12
01-12-2019,40,22,5,33,2,32
01-12-2019,28,39,40,25,32,31
05-12-2019,28,36,33,22,43,37
08-12-2019,43,45,34,27,12,23
12-12-2019,17,2,47,40,22,19
15-12-2019,34,41,3,12,16,2
19-12-2019,8,5,16,26,31,17
22-12-2019,9,39,16,3,44,24
31-12-2019,25,16,5,46,35,6
31-12-2019,14,17,24,8,21,1
05-01-2020,20,27,26,28,41,3
09-01-2020,30,40,39,36,18,19
12-01-2020,45,4,8,44,27,9
16-01-2020,26,17,19,30,20,23
19-01-2020,28,11,9,24,47,3
23-01-2020,39,13,1,24,32,42
26-01-2020,9,23,28,35,18,45
30-01-2020,44,41,16,13,15,31
02-02-2020,7,16,18,8,33,14
06-02-2020,45,31,13,30,18,4
09-02-2020,44,6,3,11,15,33
13-02-2020,4,25,28,48,38,9
16-02-2020,43,20,12,40,46,13
20-02-2020,28,6,12,16,34,31
23-02-2020,39,38,43,40,48,20
27-02-2020,2,26,20,5,14,42
01-03-2020,9,49,25,36,38,24
05-03-2020,21,39,16,6,25,10
08-03-2020,3,6,39,45,26,21
08-03-2020,8,10,9,45,27,16
12-03-2020,27,26,15,10,48,23
15-03-2020,35,36,32,40,23,4
19-03-2020,4,8,49,42,11,9
21-06-2020,2,45,8,22,18,27
25-06-2020,29,39,40,42,10,14
28-06-2020,35,13,33,27,16,5
02-07-2020,27,34,37,8,1,22
05-07-2020,27,13,41,7,1,16
09-07-2020,20,37,26,31,36,17
12-07-2020,23,43,30,44,26,10
16-07-2020,21,47,46,36,23,13
19-07-2020,36,43,47,11,2,33
23-07-2020,25,7,11,6,15,34
26-07-2020,18,13,19,5,29,8
30-07-2020,3,38,34,17,12,5
02-08-2020,47,30,5,28,48,12
06-08-2020,8,47,3,13,14,23
09-08-2020,29,36,13,17,27,46
13-08-2020,12,38,27,35,30,6
16-08-2020,47,11,17,35,3,29
20-08-2020,40,27,26,30,12,11
23-08-2020,47,4,18,20,2,6
27-08-2020,26,39,17,10,43,19
30-08-2020,49,1,14,45,18,42
03-09-2020,29,48,34,12,36,8
06-09-2020,34,9,46,37,3,2
10-09-2020,28,9,18,3,43,37
13-09-2020,40,36,47,42,33,16
13-09-2020,41,39,33,3,16,9
17-09-2020,8,12,47,40,6,30
20-09-2020,34,4,2,3,35,46
24-09-2020,2,42,39,22,34,43
27-09-2020,9,23,45,21,13,4
01-10-2020,23,15,11,47,35,29
04-10-2020,48,9,1,30,5,14
08-10-2020,4,39,27,23,1,15
11-10-2020,10,33,6,4,7,36
15-10-2020,25,1,13,23,37,7
18-10-2020,48,10,36,2,27,23
22-10-2020,36,33,30,4,17,25
25-10-2020,36,35,3,24,31,8
29-10-2020,4,18,31,8,38,42
01-11-2020,33,24,4,40,12,18
05-11-2020,4,34,12,25,40,1
08-11-2020,46,18,20,14,48,5
12-11-2020,38,14,5,21,31,12
15-11-2020,16,48,17,46,22,10
19-11-2020,23,3,34,27,42,39
22-11-2020,43,1,13,25,12,19
26-11-2020,44,3,35,13,28,25
29-11-2020,17,43,25,21,8,10
03-12-2020,3,24,4,37,44,9
06-12-2020,13,37,26,17,28,16
06-12-2020,45,12,31,32,35,14
10-12-2020,20,27,30,31,49,39
13-12-2020,15,23,8,36,5,47
17-12-2020,12,49,38,39,45,29
20-12-2020,46,27,44,5,16,42
24-12-2020,43,20,2,8,31,30
31-12-2020,25,38,41,1,10,36
31-12-2020,28,18,48,40,45,31
03-01-2021,7,1,15,36,34,30
07-01-2021,31,49,45,37,17,16
10-01-2021,39,26,42,38,10,28
14-01-2021,39,21,49,26,11,27
17-01-2021,5,36,3,35,32,2
21-01-2021,26,1,28,12,49,24
24-01-2021,12,27,15,9,33,44
28-01-2021,22,24,11,19,35,30
31-01-2021,40,11,18,33,20,14
04-02-2021,36,8,20,34,32,30
07-02-2021,41,49,5,20,14,1
11-02-2021,43,35,25,6,16,8
14-02-2021,15,33,32,47,17,11
18-02-2021,16,38,30,42,8,1
21-02-2021,30,24,3,12,10,42
25-02-2021,10,27,34,12,9,31
28-02-2021,40,45,6,39,9,14
04-03-2021,7,21,36,19,1,16
07-03-2021,27,3,10,29,5,9
07-03-2021,1,17,27,19,44,9
11-03-2021,12,19,9,1,40,5
14-03-2021,26,40,35,39,37,5
18-03-2021,3,38,31,39,5,29
21-03-2021,27,17,10,4,19,43
25-03-2021,29,3,34,39,26,36
28-03-2021,47,13,7,30,42,19
01-04-2021,15,25,16,21,12,5
04-04-2021,4,2,3,10,41,26
08-04-2021,26,9,6,13,32,31
11-04-2021,12,17,4,44,11,27
15-04-2021,15,48,29,47,18,42
18-04-2021,12,22,36,6,23,37
22-04-2021,26,46,20,39,8,5
25-04-2021,27,42,48,44,46,23
01-05-2021,30,46,40,16,5,43
01-05-2021,43,7,20,47,48,5
06-05-2021,35,7,22,20,37,32
09-05-2021,40,31,24,14,3,47
13-05-2021,12,40,7,10,6,41
16-05-2021,3,36,9,41,11,24
20-05-2021,46,27,7,19,6,38
23-05-2021,35,17,39,7,24,21
27-05-2021,30,40,41,14,23,43
30-05-2021,22,7,32,29,37,1
03-06-2021,17,38,6,33,28,49
06-06-2021,21,36,2,28,6,34
10-06-2021,15,20,13,49,35,46
13-06-2021,37,25,5,38,30,10
17-06-2021,11,26,16,27,24,44
20-06-2021,39,45,30,34,38,4
24-06-2021,38,44,28,23,5,18
27-06-2021,23,27,25,11,18,22
01-07-2021,38,36,22,17,31,49
04-07-2021,16,27,42,18,46,24
08-07-2021,33,5,10,7,14,26
11-07-2021,36,42,49,37,26,16
15-07-2021,8,9,28,36,23,47
18-07-2021,35,45,19,2,41,12
22-07-2021,1,42,47,11,10,21
25-07-2021,25,22,20,27,48,42
29-07-2021,23,48,20,26,6,38
01-08-2021,5,33,13,11,35,46
05-08-2021,23,41,28,35,30,25
08-08-2021,4,7,25,36,20,14
12-08-2021,25,42,10,28,5,3
15-08-2021,18,46,39,26,10,34
19-08-2021,40,38,5,25,7,13
22-08-2021,34,48,4,46,7,24
26-08-2021,49,1,8,48,3,38
29-08-2021,17,36,32,27,19,5
02-09-2021,16,7,18,42,19,36
05-09-2021,46,8,25,19,37,41
09-09-2021,47,36,13,19,49,38
12-09-2021,41,49,34,12,14,45
12-09-2021,7,48,27,33,21,14
16-09-2021,9,12,25,13,32,40
19-09-2021,8,12,19,6,11,10
23-09-2021,30,40,13,1,48,3
26-09-2021,16,33,11,6,32,35
30-09-2021,8,5,24,16,23,36
03-10-2021,45,3,35,20,21,32
07-10-2021,10,6,30,2,17,1
10-10-2021,48,32,7,27,12,42
14-10-2021,38,13,33,27,2,39
17-10-2021,13,24,11,10,6,18
21-10-2021,25,21,24,4,8,2
24-10-2021,33,5,12,27,16,24
28-10-2021,25,4,1,7,35,20
31-10-2021,6,29,49,9,39,27
04-11-2021,28,44,24,1,38,4
07-11-2021,19,8,14,48,37,40
11-11-2021,39,22,46,30,9,33
14-11-2021,1,38,34,22,45,13
18-11-2021,33,22,27,37,21,35
21-11-2021,15,1,14,20,28,29
25-11-2021,35,9,6,27,5,33
28-11-2021,12,17,31,29,27,48
05-12-2021,16,10,15,18,40,4
05-12-2021,14,40,23,28,47,12
09-12-2021,25,28,2,14,4,43
12-12-2021,39,14,24,44,20,37
16-12-2021,3,28,39,27,5,7
19-12-2021,15,19,13,3,44,5
24-12-2021,2,17,15,12,14,23
31-12-2021,37,27,43,4,38,39
31-12-2021,41,9,5,45,34,1
06-01-2022,44,36,29,25,34,14
09-01-2022,7,26,5,48,49,25
13-01-2022,29,12,23,42,27,10
16-01-2022,13,42,40,14,37,23
20-01-2022,46,28,48,7,3,14
23-01-2022,46,29,3,33,40,26
27-01-2022,46,3,18,16,48,32
30-01-2022,40,12,29,16,48,47
03-02-2022,21,41,1,26,7,29
06-02-2022,49,33,23,16,10,7
10-02-2022,41,13,27,48,23,29
13-02-2022,32,3,7,40,37,14
17-02-2022,45,12,26,11,44,37
20-02-2022,46,20,37,25,32,8
27-02-2022,49,24,47,18,40,10
03-03-2022,44,38,10,11,24,21
06-03-2022,19,42,41,18,34,28
06-03-2022,10,8,6,4,42,48
10-03-2022,42,24,16,48,5,4
13-03-2022,18,17,28,39,15,43
17-03-2022,8,2,32,9,39,6
20-03-2022,7,2,13,19,46,24
24-03-2022,46,38,39,22,3,5
27-03-2022,7,31,9,13,8,3
31-03-2022,8,40,30,35,18,7
03-04-2022,25,20,11,49,34,27
07-04-2022,49,8,48,5,11,19
10-04-2022,40,33,36,35,43,4
14-04-2022,10,12,27,49,15,21
17-04-2022,20,16,13,35,25,19
23-04-2022,30,24,23,29,41,18
23-04-2022,5,37,35,3,31,49
28-04-2022,2,43,26,16,38,32
01-05-2022,10,29,37,49,26,42
05-05-2022,12,36,34,38,41,40
08-05-2022,22,8,27,3,41,11
12-05-2022,25,10,8,44,23,28
15-05-2022,45,6,24,5,39,44
19-05-2022,6,11,32,17,15,7
22-05-2022,47,34,38,9,39,30
26-05-2022,22,32,33,41,44,19
29-05-2022,26,10,20,41,16,13
02-06-2022,7,39,31,12,25,35
05-06-2022,15,23,18,34,11,41
09-06-2022,6,39,42,5,34,13
12-06-2022,36,13,19,37,27,38
16-06-2022,36,24,21,22,31,35
19-06-2022,28,26,9,2,48,5
23-06-2022,28,42,8,1,25,46
26-06-2022,35,33,27,10,46,43
30-06-2022,10,43,9,20,21,44
03-07-2022,42,44,19,28,26,13
07-07-2022,22,40,10,7,14,11
10-07-2022,1,23,18,49,42,29
14-07-2022,32,17,7,48,46,27
17-07-2022,17,8,27,38,29,25
21-07-2022,10,24,6,3,8,14
24-07-2022,39,35,38,10,4,43
28-07-2022,17,48,40,23,36,2
31-07-2022,21,38,26,24,12,20
04-08-2022,18,40,5,46,49,23
07-08-2022,9,32,17,6,41,11
11-08-2022,10,28,6,30,11,33
14-08-2022,20,4,25,23,26,34
18-08-2022,16,35,37,27,5,18
21-08-2022,2,12,27,15,16,9
25-08-2022,48,39,21,27,30,9
28-08-2022,39,31,24,38,3,43
01-09-2022,14,43,10,45,30,6
04-09-2022,47,31,8,36,26,27
08-09-2022,44,48,21,10,27,17
11-09-2022,19,18,31,10,5,17
11-09-2022,48,2,16,33,45,41
15-09-2022,45,49,12,40,10,41
18-09-2022,21,41,31,14,2,43
22-09-2022,13,35,18,28,10,47
25-09-2022,31,20,9,25,15,2
29-09-2022,7,18,22,30,33,12
02-10-2022,36,6,29,10,20,23
06-10-2022,25,27,9,13,37,7
09-10-2022,5,18,49,34,31,40
13-10-2022,22,40,45,5,20,44
16-10-2022,16,22,18,32,48,1
20-10-2022,6,41,47,15,2,24
23-10-2022,24,38,18,6,25,2
27-10-2022,16,30,2,9,25,1
30-10-2022,13,21,17,9,42,43
03-11-2022,30,12,25,10,1,37
06-11-2022,40,29,2,10,18,37
10-11-2022,31,3,24,12,23,7
13-11-2022,44,10,2,6,31,23
17-11-2022,18,11,29,36,10,35
20-11-2022,47,45,40,1,30,24
24-11-2022,17,25,32,29,18,49
27-11-2022,19,33,39,18,30,26
04-12-2022,36,27,23,14,38,43
08-12-2022,24,29,38,5,25,35
11-12-2022,45,8,12,41,35,30
15-12-2022,33,39,46,4,26,8
18-12-2022,3,21,40,26,16,15
24-12-2022,39,41,28,1,45,4
31-12-2022,13,4,35,19,10,7
31-12-2022,40,22,13,4,42,9
05-01-2023,23,35,40,6,14,16
08-01-2023,42,37,2,24,16,6
12-01-2023,6,2,4,7,12,39
15-01-2023,21,9,31,18,41,16
19-01-2023,47,30,44,39,3,31
22-01-2023,41,23,20,37,36,43
26-01-2023,49,42,34,28,11,37
29-01-2023,9,19,25,2,39,38
02-02-2023,10,45,33,29,25,44
09-02-2023,23,8,19,11,31,33
09-02-2023,17,29,44,49,30,26
12-02-2023,36,14,40,19,15,28
16-02-2023,14,43,7,40,37,36
19-02-2023,41,46,28,24,26,47
23-02-2023,13,44,12,45,6,2
26-02-2023,4,9,21,35,7,32
02-03-2023,48,33,5,45,29,49
05-03-2023,18,44,15,40,30,12
09-03-2023,22,47,34,29,10,9
12-03-2023,30,21,43,8,23,7
12-03-2023,8,3,10,5,25,2
16-03-2023,29,3,27,33,38,31
19-03-2023,21,5,13,10,47,36
23-03-2023,35,24,10,48,28,40
26-03-2023,21,33,36,14,2,35
30-03-2023,16,48,25,21,24,20
02-04-2023,5,16,12,36,32,1
06-04-2023,4,31,38,2,22,12
09-04-2023,13,19,42,27,46,25
15-04-2023,48,39,27,4,26,21
15-04-2023,14,26,12,5,4,7
20-04-2023,32,12,6,9,42,48
23-04-2023,6,45,38,44,39,10
27-04-2023,5,7,13,22,2,36
30-04-2023,49,22,33,13,28,30
04-05-2023,27,47,48,7,21,41
07-05-2023,1,41,36,8,32,20
11-05-2023,5,1,24,48,33,41
14-05-2023,41,31,38,18,49,32
18-05-2023,36,37,17,29,13,34
21-05-2023,42,49,47,39,41,17
25-05-2023,26,47,32,3,44,15
28-05-2023,5,19,29,4,32,17
01-06-2023,6,41,33,17,2,13
04-06-2023,24,42,2,20,46,26
08-06-2023,21,48,44,28,25,8
11-06-2023,49,35,20,40,41,24
15-06-2023,8,21,3,37,38,46
18-06-2023,30,44,49,40,33,24
22-06-2023,6,49,48,44,26,27
25-06-2023,38,17,36,37,44,25
29-06-2023,2,12,22,39,6,24
02-07-2023,28,36,18,40,6,39
06-07-2023,44,32,30,39,13,35
09-07-2023,29,5,24,27,16,14
13-07-2023,37,44,6,32,31,38
16-07-2023,38,10,26,36,13,23
20-07-2023,3,20,18,9,46,47
23-07-2023,36,31,9,18,4,10
27-07-2023,26,24,49,1,6,22
30-07-2023,31,27,6,19,35,29
03-08-2023,15,21,10,47,4,38
06-08-2023,36,10,14,6,20,11
10-08-2023,25,11,27,17,33,26
13-08-2023,14,30,1,10,2,15
17-08-2023,39,43,29,20,32,30
20-08-2023,22,28,37,39,12,34
24-08-2023,42,37,12,49,35,6
27-08-2023,29,7,6,4,39,20
31-08-2023,31,41,39,15,17,47
03-09-2023,32,47,21,40,13,6
07-09-2023,37,18,27,20,31,26
10-09-2023,31,34,49,30,4,39
14-09-2023,15,8,42,7,24,21
17-09-2023,30,45,15,35,33,41
17-09-2023,17,39,7,29,18,42
21-09-2023,37,46,32,4,9,43
24-09-2023,14,13,19,47,5,48
28-09-2023,1,41,13,45,17,24
01-10-2023,41,16,29,37,26,6
05-10-2023,20,25,47,3,13,38
08-10-2023,14,16,6,27,26,37
12-10-2023,17,33,45,26,40,4
15-10-2023,20,38,3,48,35,21
19-10-2023,23,31,15,3,1,40
22-10-2023,32,6,14,7,40,45
26-10-2023,23,36,49,30,20,4
29-10-2023,32,9,44,24,46,1
02-11-2023,40,25,31,23,18,14
05-11-2023,5,37,17,46,26,30
09-11-2023,40,3,8,2,38,25
12-11-2023,26,18,27,41,42,28
16-11-2023,46,44,38,13,23,31
19-11-2023,14,28,18,17,22,3
23-11-2023,33,4,45,43,18,8
26-11-2023,20,21,49,10,5,43
03-12-2023,16,35,46,29,36,24
03-12-2023,4,7,44,2,46,45
07-12-2023,2,24,1,47,17,41
10-12-2023,44,45,16,34,13,32
14-12-2023,12,2,40,37,9,39
17-12-2023,9,11,48,25,45,16
21-12-2023,41,36,14,28,27,47
24-12-2023,20,22,23,18,35,5
31-12-2023,37,8,4,19,31,20
31-12-2023,3,40,16,46,44,33
04-01-2024,2,29,31,13,49,34
07-01-2024,15,34,46,31,45,26
11-01-2024,2,33,13,18,15,14
14-01-2024,17,9,31,43,25,24
18-01-2024,22,12,25,42,32,39
21-01-2024,14,34,4,39,47,31
25-01-2024,24,34,36,6,39,41
28-01-2024,27,11,49,47,28,26
01-02-2024,30,8,19,2,6,35
04-02-2024,28,7,2,5,11,20
08-02-2024,15,28,16,11,47,9
11-02-2024,22,30,36,48,35,13
15-02-2024,9,1,22,29,8,46
18-02-2024,32,7,33,48,15,5
22-02-2024,23,27,40,45,30,6
25-02-2024,39,1,14,48,10,26
29-02-2024,20,38,15,11,17,16
03-03-2024,41,48,15,5,44,47
07-03-2024,8,36,26,34,33,4
10-03-2024,39,8,31,9,20,24
10-03-2024,10,4,3,12,1,39
14-03-2024,38,1,45,10,22,46
17-03-2024,18,29,44,39,10,14
21-03-2024,6,1,4,26,16,8
24-03-2024,28,29,18,3,37,47
28-03-2024,15,33,17,44,1,46
31-03-2024,43,31,21,44,1,24
04-04-2024,2,16,10,4,15,49
07-04-2024,49,6,1,7,20,40
11-04-2024,31,13,15,23,25,42
14-04-2024,33,7,25,48,40,10
18-04-2024,27,12,41,10,21,18
21-04-2024,47,17,28,29,26,40
25-04-2024,18,21,8,2,19,1
28-04-2024,12,1,15,19,37,35
04-05-2024,3,25,34,39,20,30
04-05-2024,16,6,13,44,18,19
09-05-2024,19,43,41,46,35,40
12-05-2024,20,49,33,26,24,14
16-05-2024,24,22,43,26,16,37
19-05-2024,39,22,34,46,24,19
23-05-2024,12,26,31,24,20,36
26-05-2024,45,12,15,8,32,16
30-05-2024,18,14,10,39,31,29
02-06-2024,21,42,45,48,13,11
06-06-2024,35,37,33,1,6,12
09-06-2024,38,49,41,26,33,27
13-06-2024,28,15,41,14,23,31
16-06-2024,32,44,12,25,38,19
20-06-2024,3,35,6,42,46,23
23-06-2024,41,39,47,6,30,44
27-06-2024,49,9,40,38,18,39
30-06-2024,15,46,45,23,12,24
04-07-2024,41,20,43,2,25,47
07-07-2024,27,10,24,1,35,17
11-07-2024,43,7,42,10,30,17
14-07-2024,46,14,30,34,44,4
18-07-2024,15,38,29,43,8,10
21-07-2024,26,27,44,22,4,17
25-07-2024,42,19,7,16,33,4
28-07-2024,17,6,46,48,41,43
01-08-2024,40,22,31,2,42,3
04-08-2024,9,32,21,8,20,36
08-08-2024,35,1,28,16,23,37
11-08-2024,2,35,34,38,25,9
15-08-2024,20,16,47,14,37,4
18-08-2024,48,25,15,17,24,34
22-08-2024,21,40,37,9,2,5
25-08-2024,40,44,34,1,42,45
29-08-2024,19,6,21,26,20,40
01-09-2024,38,41,5,9,39,34
05-09-2024,34,17,26,25,4,7
08-09-2024,45,39,29,9,28,37
12-09-2024,20,46,6,42,32,35
15-09-2024,38,6,16,14,3,29
15-09-2024,2,15,17,16,46,6
19-09-2024,13,36,47,5,25,33
22-09-2024,22,46,17,15,28,23
26-09-2024,32,15,1,39,41,40
29-09-2024,47,2,16,7,46,22
03-10-2024,4,7,34,6,40,12
06-10-2024,31,5,30,4,22,26
10-10-2024,3,1,25,14,38,22
13-10-2024,13,18,22,30,1,10
17-10-2024,18,41,17,39,46,8
20-10-2024,35,1,24,34,33,46
24-10-2024,13,21,19,11,26,12
27-10-2024,19,18,8,40,17,32
31-10-2024,36,45,38,30,18,31
03-11-2024,8,21,19,20,42,18
07-11-2024,47,31,5,18,39,25
10-11-2024,6,4,17,39,26,7
14-11-2024,11,21,18,30,10,24
17-11-2024,40,15,37,22,16,7
21-11-2024,26,8,21,20,40,22
24-11-2024,28,20,39,38,42,11
28-11-2024,41,35,25,24,6,31
01-12-2024,36,27,16,46,23,32
01-12-2024,7,15,26,37,34,19
05-12-2024,16,15,6,14,4,23
08-12-2024,5,49,37,40,2,44
12-12-2024,31,20,9,23,28,10
15-12-2024,43,21,25,47,17,49
19-12-2024,13,25,18,39,19,41
22-12-2024,25,46,49,35,31,19
31-12-2024,27,5,49,19,7,14
31-12-2024,9,40,46,29,32,23
05-01-2025,44,42,5,6,40,13
09-01-2025,43,29,24,46,14,11
12-01-2025,46,42,27,5,23,18
16-01-2025,23,22,3,7,19,6
19-01-2025,23,48,16,32,6,35
23-01-2025,47,45,23,21,32,28
27-01-2025,25,49,28,33,23,43
30-01-2025,44,36,4,45,48,12
02-02-2025,28,22,21,31,9,25
06-02-2025,29,35,9,4,45,40
09-02-2025,44,48,22,12,30,6
13-02-2025,16,15,33,40,11,25
16-02-2025,17,43,13,35,5,19
20-02-2025,19,8,16,29,39,32
23-02-2025,23,43,21,32,1,49
27-02-2025,20,11,16,41,17,46
02-03-2025,9,21,8,35,45,19
06-03-2025,38,16,26,29,28,30
09-03-2025,22,27,39,4,12,28
09-03-2025,20,40,9,32,7,23
13-03-2025,17,32,15,1,7,19
16-03-2025,43,29,34,1,32,47
20-03-2025,8,18,40,34,10,43
23-03-2025,37,46,24,18,12,27
27-03-2025,7,35,4,18,9,20
30-03-2025,37,42,14,10,5,45
03-04-2025,49,37,46,8,42,17
06-04-2025,1,32,19,40,41,2
10-04-2025,8,39,48,18,45,34
13-04-2025,11,29,20,3,43,16
19-04-2025,8,17,35,40,42,14
19-04-2025,3,33,6,23,28,35
24-04-2025,17,12,22,8,2,19
27-04-2025,9,46,16,8,43,29
01-05-2025,34,40,3,48,45,41
04-05-2025,30,13,24,9,3,20
08-05-2025,17,19,25,14,45,39
11-05-2025,8,10,18,16,31,24
15-05-2025,26,30,5,7,19,36
18-05-2025,25,12,33,1,4,39
22-05-2025,1,14,6,32,10,46
25-05-2025,18,42,10,37,27,13
29-05-2025,14,29,46,24,15,21
01-06-2025,42,43,14,22,26,45
05-06-2025,37,19,6,47,15,44
08-06-2025,18,36,20,38,16,25
12-06-2025,26,2,4,36,43,39
15-06-2025,22,27,47,18,26,24
19-06-2025,25,28,32,23,42,39
22-06-2025,17,27,31,18,38,5
26-06-2025,8,43,24,45,4,40
29-06-2025,19,7,6,2,23,48
03-07-2025,38,29,14,22,43,44
06-07-2025,8,32,33,19,20,1
10-07-2025,19,44,21,20,29,12
13-07-2025,15,19,28,7,24,9
17-07-2025,33,1,49,4,7,30
20-07-2025,26,32,17,41,38,44
24-07-2025,25,26,37,49,18,28
27-07-2025,26,34,16,12,47,32
31-07-2025,16,42,19,1,35,15
03-08-2025,37,16,29,34,22,45
07-08-2025,42,2,46,18,31,28
10-08-2025,1,16,8,26,5,25
14-08-2025,10,47,9,4,31,44
17-08-2025,4,35,12,3,7,42
21-08-2025,15,45,11,44,8,39
24-08-2025,43,31,18,24,48,41
28-08-2025,6,16,5,48,39,49
31-08-2025,37,4,30,33,6,19
04-09-2025,46,3,21,20,31,5
07-09-2025,7,43,47,6,13,42
11-09-2025,36,13,23,30,40,4
14-09-2025,43,30,39,31,3,22
14-09-2025,29,12,47,9,33,11
18-09-2025,5,8,4,14,42,39
21-09-2025,9,30,43,32,44,36
25-09-2025,38,32,12,17,46,23
28-09-2025,9,25,14,36,6,8
02-10-2025,30,9,47,23,5,10
05-10-2025,13,18,25,30,29,34
09-10-2025,23,41,2,35,40,13
12-10-2025,5,31,33,39,36,45
16-10-2025,12,32,15,2,7,25
19-10-2025,14,11,21,16,5,10
23-10-2025,3,18,40,24,36,14
26-10-2025,32,18,16,21,10,35
30-10-2025,19,41,25,21,2,47
02-11-2025,11,6,24,46,44,43
06-11-2025,42,2,20,35,22,46
09-11-2025,32,19,5,10,34,23
13-11-2025,39,7,44,9,5,43
16-11-2025,14,44,12,39,40,9
20-11-2025,36,47,33,39,34,3
23-11-2025,12,20,11,17,26,39
27-11-2025,33,41,28,25,2,30
30-11-2025,23,18,41,8,25,45
04-12-2025,15,11,37,4,47,9
07-12-2025,21,49,13,14,38,20
11-12-2025,39,4,35,36,33,6
14-12-2025,41,23,12,48,32,43
18-12-2025,12,33,30,7,17,49
21-12-2025,43,5,22,34,11,42
31-12-2025,48,24,23,34,28,49
31-12-2025,24,23,28,45,49,7
04-01-2026,21,38,2,10,34,39
08-01-2026,36,44,35,17,30,26
11-01-2026,6,17,33,12,16,1
15-01-2026,44,11,45,46,33,19
18-01-2026,26,2,32,23,28,11
22-01-2026,34,43,20,21,14,13
25-01-2026,18,40,27,33,5,48
29-01-2026,14,46,12,43,41,3
01-02-2026,25,20,22,40,6,44
05-02-2026,15,14,7,49,19,37
08-02-2026,22,16,11,44,28,20
12-02-2026,26,6,4,10,29,7
15-02-2026,1,23,33,48,2,35
19-02-2026,41,32,40,36,28,31
22-02-2026,14,19,3,22,15,46
26-02-2026,35,20,12,7,9,47
01-03-2026,38,24,36,15,1,26
05-03-2026,32,8,21,19,10,26
08-03-2026,3,48,22,29,31,44
08-03-2026,30,22,14,36,41,46
12-03-2026,19,29,6,36,38,45
15-03-2026,19,35,42,7,5,33
19-03-2026,7,32,38,39,27,21
22-03-2026,43,3,30,4,7,45
26-03-2026,46,18,5,15,41,28
29-03-2026,40,17,16,26,15,32
02-04-2026,16,48,41,25,11,20
05-04-2026,9,4,8,49,25,42
11-04-2026,44,11,19,12,45,18
11-04-2026,16,6,28,46,12,17
16-04-2026,26,38,11,44,14,37
19-04-2026,11,16,12,35,17,36
23-04-2026,19,31,23,1,43,39
26-04-2026,3,36,13,5,11,34
30-04-2026,30,17,23,32,42,48
03-05-2026,38,42,17,39,45,37
07-05-2026,6,7,38,3,32,18
10-05-2026,9,25,29,42,13,3
14-05-2026,21,32,49,24,7,14
17-05-2026,39,36,5,3,25,10
21-05-2026,18,45,17,21,42,27
24-05-2026,15,17,1,23,21,3
28-05-2026,19,21,35,30,13,22
31-05-2026,18,40,6,39,2,32
04-06-2026,40,43,5,21,14,34
07-06-2026,48,18,22,27,46,15
11-06-2026,48,43,25,13,49,44
14-06-2026,3,25,7,10,5,18
18-06-2026,20,27,12,36,2,15
21-06-2026,42,6,21,35,14,37
25-06-2026,10,7,4,47,21,26
28-06-2026,47,8,4,44,31,23
02-07-2026,8,32,26,19,20,41
